Gene,GCF_000154045.1_ASM15404v1,GCF_000182385.1_ASM18238v1
groL_2,1,1
group_101,1,1
group_106,1,1
gltP_2,1,1
leuB,1,1
fabD,1,1
group_118,1,1
bepE_2,1,1
group_125,1,1
ushA_1,1,1
group_132,1,1
group_134,1,1
prfA_1,1,1
mtlD_2,1,1
ptsI_1,1,1
ygbN,1,1
zraR,1,1
liuE_3,1,1
birA,1,1
dadA1_1,1,1
crr,1,1
rpsF,1,1
group_171,1,1
yegS_1,1,1
group_175,1,1
pabB_2,1,1
psd,1,1
por,1,1
rpsA,1,1
epsE_2,1,1
aspT,1,1
deaD_2,1,1
group_200,1,1
mscS_1,1,1
nhaP2_2,1,1
leuS,1,1
yebS_2,1,1
cadB,1,1
group_212,1,1
yfcA_3,1,1
rpsU,1,1
rarA,1,1
group_2140,1,1
rssB_2,1,1
acs_3,1,1
puuB_2,1,1
group_2144,1,1
group_2145,1,1
group_2146,1,1
hisA,1,1
topB,1,1
group_2149,1,1
cyoA,1,1
queF_1,1,1
yoeB,1,1
group_2153,1,1
group_2154,1,1
group_2155,1,1
pabC,1,1
group_2157,1,1
tolR_4,1,1
mltA,1,1
group_216,1,1
cysH,1,1
fumE,1,1
group_2162,1,1
ffh,1,1
group_2164,1,1
group_2165,1,1
ygiW,1,1
group_2167,1,1
lolD_2,1,1
clpP,1,1
phoB_3,1,1
bepC_3,1,1
coaD,1,1
recQ,1,1
potA_1,1,1
oppF_3,1,1
glpR,1,1
hldE,1,1
truC,1,1
trmD,1,1
ispA_2,1,1
zntB,1,1
group_2181,1,1
rhlE_3,1,1
frdA,1,1
glnE,1,1
group_2185,1,1
gyrA,1,1
group_2187,1,1
group_2188,1,1
group_2189,1,1
metF,1,1
dhaL_2,1,1
group_2191,1,1
yfeX,1,1
group_2193,1,1
group_2194,1,1
group_2195,1,1
mreB,1,1
ugpQ,1,1
nlpD,1,1
trxA,1,1
bamA,1,1
group_2201,1,1
group_2202,1,1
murR,1,1
group_2204,1,1
group_2205,1,1
purD,1,1
glpF,1,1
chbP,1,1
recF,1,1
group_2210,1,1
group_2211,1,1
nrtD,1,1
group_2213,1,1
dnaQ,1,1
exuR,1,1
group_2216,1,1
group_2217,1,1
group_2218,1,1
group_2219,1,1
priA,1,1
group_2220,1,1
gyrB,1,1
group_2222,1,1
group_2223,1,1
pxpB,1,1
group_2225,1,1
ompA_1,1,1
group_2227,1,1
galE_1,1,1
group_2229,1,1
mrcB_1,1,1
sycN,1,1
group_2233,1,1
dauR_2,1,1
metK,1,1
group_2236,1,1
qmcA,1,1
group_2238,1,1
qseC,1,1
tatC,1,1
hexR,1,1
clpB_2,1,1
group_2243,1,1
group_2244,1,1
group_2245,1,1
gltA,1,1
kdsA,1,1
purN,1,1
ttrA,1,1
group_2250,1,1
mcpU,1,1
glmU,1,1
lpxK,1,1
pyrG,1,1
group_2255,1,1
zapD,1,1
group_2257,1,1
sdaC_1,1,1
hutU,1,1
kdgK_2,1,1
btuB_1,1,1
group_2261,1,1
group_2262,1,1
group_2263,1,1
cspV,1,1
nqrF,1,1
group_2266,1,1
group_2267,1,1
group_2268,1,1
yrbG,1,1
ywrO,1,1
fliO,1,1
hemE,1,1
group_2272,1,1
torD_1,1,1
metI,1,1
group_2275,1,1
pepB,1,1
flgJ,1,1
maeB,1,1
fliQ_1,1,1
group_2280,1,1
oxyR_1,1,1
ssaV,1,1
group_2283,1,1
tyrB,1,1
nsrR,1,1
yeeN,1,1
dppC_2,1,1
pbuE,1,1
fadD_2,1,1
prpF,1,1
lly,1,1
group_2291,1,1
lon,1,1
sprT,1,1
group_2294,1,1
group_2295,1,1
yhbU,1,1
purF,1,1
group_2298,1,1
motB_2,1,1
nusA,1,1
cntI_2,1,1
citT,1,1
pflA_2,1,1
yfhL,1,1
group_2305,1,1
group_2306,1,1
group_2307,1,1
group_2308,1,1
group_2309,1,1
group_231,1,1
yeiP,1,1
group_2311,1,1
group_2312,1,1
flhB_1,1,1
pflD,1,1
sspA_1,1,1
crcB,1,1
group_2317,1,1
group_2318,1,1
mdh_2,1,1
htpX_2,1,1
group_2321,1,1
nylB,1,1
group_2323,1,1
copA_1,1,1
fliG_1,1,1
group_2326,1,1
group_2327,1,1
aqpZ,1,1
dinB,1,1
nfdA,1,1
nudC,1,1
group_2331,1,1
ubiE,1,1
group_2333,1,1
hscA_2,1,1
mlaF,1,1
group_2336,1,1
group_2337,1,1
group_2338,1,1
yflS,1,1
group_2340,1,1
tolB,1,1
group_2342,1,1
avtA,1,1
dctD_2,1,1
group_2347,1,1
group_2348,1,1
group_2349,1,1
group_235,1,1
group_2350,1,1
fecA,1,1
phaA,1,1
group_2353,1,1
ghrA,1,1
group_2355,1,1
cdgJ_1,1,1
frdC,1,1
group_2358,1,1
nrdB_2,1,1
maa_1,1,1
group_2361,1,1
pyrE,1,1
group_2363,1,1
lptB_3,1,1
group_2365,1,1
group_2366,1,1
glpG,1,1
group_2368,1,1
trpD,1,1
ycjG_1,1,1
bpt,1,1
phoD,1,1
menB_3,1,1
group_2373,1,1
group_2374,1,1
tig,1,1
hisH,1,1
group_2377,1,1
udk,1,1
group_2379,1,1
metL,1,1
group_2383,1,1
flgB_1,1,1
group_2385,1,1
rpsP,1,1
rsd,1,1
rho,1,1
group_2389,1,1
group_239,1,1
group_2390,1,1
pcm,1,1
group_2392,1,1
hutH_1,1,1
group_2394,1,1
ppc_1,1,1
group_2396,1,1
bfr,1,1
alaS,1,1
group_2399,1,1
group_2400,1,1
rbgA,1,1
group_2402,1,1
group_2403,1,1
group_2404,1,1
group_2405,1,1
group_2406,1,1
epsH,1,1
tyeA,1,1
fecD,1,1
group_241,1,1
purL,1,1
oppB_3,1,1
tfoX1_2,1,1
rpsB,1,1
group_2414,1,1
group_2415,1,1
group_2416,1,1
fabB,1,1
exsC,1,1
group_2419,1,1
ompF,1,1
group_2421,1,1
tsf,1,1
yqgF,1,1
group_2424,1,1
group_2425,1,1
atpH_1,1,1
group_2427,1,1
rhaS_5,1,1
group_2429,1,1
group_243,1,1
rpsD,1,1
purR_2,1,1
rplV,1,1
group_2433,1,1
group_2434,1,1
group_2435,1,1
cqsS,1,1
group_2437,1,1
hisB,1,1
pctB_2,1,1
glpT,1,1
epsF_3,1,1
atpB_1,1,1
qseB,1,1
syd,1,1
ettA,1,1
suhB,1,1
aspA_2,1,1
group_2448,1,1
group_2449,1,1
group_245,1,1
group_2450,1,1
group_2451,1,1
mtnN,1,1
rhaR_7,1,1
group_2454,1,1
asd1,1,1
eno,1,1
group_2457,1,1
msrA,1,1
pstS,1,1
IMPDH_1,1,1
lptG,1,1
udp_1,1,1
group_2463,1,1
apbC,1,1
rpsQ,1,1
group_2466,1,1
leuE,1,1
ulaA,1,1
group_2469,1,1
yhjX,1,1
group_2470,1,1
group_2471,1,1
group_2472,1,1
aroH,1,1
group_2474,1,1
trpS,1,1
group_2476,1,1
phoR,1,1
tusA,1,1
lptA,1,1
yidZ_7,1,1
group_2481,1,1
group_2482,1,1
argC,1,1
group_2484,1,1
group_2485,1,1
dapE_1,1,1
group_2487,1,1
pntB,1,1
menI,1,1
codB,1,1
group_2490,1,1
group_2491,1,1
hdfR_1,1,1
group_2493,1,1
group_2494,1,1
moaD,1,1
group_2496,1,1
group_2497,1,1
pstB,1,1
rep_2,1,1
group_25,1,1
cysD,1,1
pgi,1,1
group_2502,1,1
group_2503,1,1
fliD,1,1
group_2505,1,1
group_2506,1,1
group_2507,1,1
group_2508,1,1
group_2509,1,1
pepT_1,1,1
bcr_1,1,1
group_2511,1,1
group_2512,1,1
group_2513,1,1
group_2514,1,1
hscA_4,1,1
pspF,1,1
lutP,1,1
ssb,1,1
pta,1,1
oppF_1,1,1
ynaI,1,1
group_2522,1,1
evgA,1,1
group_2524,1,1
ycbB,1,1
tolR_3,1,1
group_2527,1,1
group_2528,1,1
nhaP,1,1
thlA_1,1,1
group_2530,1,1
group_2531,1,1
group_2532,1,1
group_2533,1,1
iscX,1,1
group_2535,1,1
group_2536,1,1
napD,1,1
group_2538,1,1
rssB_4,1,1
crl,1,1
chbA,1,1
mraY,1,1
group_2543,1,1
group_2544,1,1
group_2545,1,1
thiD,1,1
group_2547,1,1
group_2548,1,1
group_2549,1,1
nudF_1,1,1
group_2550,1,1
group_2551,1,1
group_2552,1,1
pstS1_1,1,1
group_2554,1,1
bioB,1,1
group_2556,1,1
lepA,1,1
group_2558,1,1
group_2559,1,1
atpG,1,1
potB,1,1
pdhB,1,1
xseA,1,1
diaA,1,1
group_2565,1,1
group_2566,1,1
guaC,1,1
group_2568,1,1
group_2569,1,1
pheT_1,1,1
group_2570,1,1
rpsN,1,1
group_2572,1,1
hemD,1,1
bolA,1,1
galM,1,1
dmlR_6,1,1
pqiB_2,1,1
group_2578,1,1
group_2579,1,1
actP,1,1
tyrP_1,1,1
yscK,1,1
rsuA,1,1
napA_1,1,1
csgD,1,1
galR,1,1
yodB,1,1
group_2588,1,1
group_2589,1,1
thrS_1,1,1
group_2590,1,1
cmoA,1,1
pntA,1,1
secA,1,1
group_2594,1,1
hdfR_6,1,1
nusB,1,1
parB,1,1
group_2600,1,1
nqrB,1,1
ispH,1,1
rhaR_3,1,1
sppA,1,1
group_2605,1,1
pspG,1,1
group_2607,1,1
rpmE,1,1
feoB,1,1
hutZ_2,1,1
fabR,1,1
dsbE_1,1,1
group_2613,1,1
group_2614,1,1
rng,1,1
intA_3,1,1
pfkA,1,1
group_2618,1,1
atpF,1,1
norM_3,1,1
group_2620,1,1
group_2621,1,1
folB,1,1
potA_2,1,1
flgF_1,1,1
group_2625,1,1
group_2626,1,1
dnaE2_3,1,1
rpmF,1,1
aceE_2,1,1
group_2630,1,1
group_2631,1,1
argR,1,1
lysU,1,1
group_2634,1,1
group_2635,1,1
group_2636,1,1
group_2637,1,1
orn,1,1
group_2639,1,1
radD_2,1,1
hrpB,1,1
calB,1,1
group_2642,1,1
cysI,1,1
dxr,1,1
mutT,1,1
group_2646,1,1
group_2647,1,1
yajC,1,1
galK,1,1
asnB,1,1
group_2651,1,1
ppiA,1,1
group_2653,1,1
ridA_2,1,1
lpxL_2,1,1
group_2656,1,1
btsR_2,1,1
epmA,1,1
group_2659,1,1
comM_2,1,1
group_2660,1,1
fabF_5,1,1
group_2662,1,1
group_2663,1,1
topA_1,1,1
group_2665,1,1
yfbR,1,1
group_2669,1,1
folD,1,1
group_2671,1,1
ilvC,1,1
hflC,1,1
yopN,1,1
group_2677,1,1
mltF_1,1,1
trkA,1,1
thiE_2,1,1
yeeO_2,1,1
group_2682,1,1
group_2683,1,1
atoS,1,1
group_2685,1,1
rpmH,1,1
group_2687,1,1
ftsY_1,1,1
pgrR_3,1,1
dapF,1,1
group_2693,1,1
mobA,1,1
clcA,1,1
group_2696,1,1
deoD,1,1
yeiG,1,1
rplP,1,1
group_2700,1,1
cyaY,1,1
group_2702,1,1
rimK,1,1
pmbA_1,1,1
aroG,1,1
group_2706,1,1
group_2707,1,1
group_2708,1,1
oppA_1,1,1
group_2710,1,1
cysE_2,1,1
group_2712,1,1
group_2713,1,1
group_2714,1,1
tdk,1,1
group_2716,1,1
group_2717,1,1
cheV_4,1,1
pucG_3,1,1
oppB_2,1,1
group_2721,1,1
group_2722,1,1
oppF_5,1,1
group_2724,1,1
yacG,1,1
aaaT,1,1
group_2729,1,1
group_273,1,1
rpoA,1,1
bfd,1,1
group_2732,1,1
rbsK,1,1
rpsI,1,1
pheC,1,1
ttrR_1,1,1
group_2737,1,1
group_2738,1,1
group_2739,1,1
tyrP_2,1,1
group_2743,1,1
group_2744,1,1
group_2745,1,1
pqiA,1,1
group_2747,1,1
aceA,1,1
group_2749,1,1
manA_3,1,1
group_2750,1,1
yscI,1,1
group_2752,1,1
group_2753,1,1
group_2754,1,1
def1,1,1
chiP_1,1,1
aroA,1,1
group_2758,1,1
group_2761,1,1
yejB,1,1
invA,1,1
spaQ,1,1
crp_2,1,1
tadA,1,1
murE,1,1
flgE_1,1,1
flgI_1,1,1
ydeP,1,1
zntR_2,1,1
pal_5,1,1
group_2772,1,1
luxS,1,1
group_2774,1,1
group_2775,1,1
group_2776,1,1
rsmA,1,1
group_2778,1,1
yopB,1,1
group_2780,1,1
nagE,1,1
group_2782,1,1
group_2785,1,1
dauR_1,1,1
group_2787,1,1
group_2788,1,1
rsmH_2,1,1
sglT,1,1
group_2790,1,1
lptC,1,1
mltG,1,1
group_2793,1,1
flgH_2,1,1
atoC_3,1,1
recX,1,1
rpoE_1,1,1
gtaB_1,1,1
rlmG,1,1
group_28,1,1
sapF,1,1
group_2801,1,1
hlyU,1,1
group_2803,1,1
pscF,1,1
group_2805,1,1
rpsR,1,1
group_2809,1,1
ylxH,1,1
group_2811,1,1
group_2812,1,1
group_2813,1,1
msrB,1,1
group_2815,1,1
priC,1,1
purE_2,1,1
cra,1,1
gppA,1,1
ubiI,1,1
cutC,1,1
group_2821,1,1
hslR,1,1
group_2823,1,1
group_2824,1,1
ybaN,1,1
group_2826,1,1
group_2827,1,1
group_2828,1,1
lpoA,1,1
chiP_2,1,1
prmB,1,1
torZ,1,1
group_2833,1,1
ppx,1,1
group_2835,1,1
sbcB,1,1
group_2837,1,1
mcpA,1,1
group_2839,1,1
dctB_2,1,1
group_2840,1,1
parA,1,1
fabG_6,1,1
bioH,1,1
group_2844,1,1
yqaA,1,1
group_2846,1,1
talB,1,1
ppa,1,1
group_2851,1,1
malE,1,1
group_2853,1,1
nqrC,1,1
clpS,1,1
upp,1,1
group_2857,1,1
cshA,1,1
leuO_7,1,1
group_286,1,1
dctD_5,1,1
cheY,1,1
group_2862,1,1
group_2863,1,1
dcuA,1,1
purK,1,1
ccmF_2,1,1
group_2873,1,1
rraA,1,1
group_2875,1,1
group_2878,1,1
group_2879,1,1
gapA,1,1
dusB,1,1
mlaE,1,1
lafT,1,1
group_2885,1,1
group_2886,1,1
syrM1,1,1
nodD2_2,1,1
group_2889,1,1
group_2890,1,1
hemG,1,1
pepT_2,1,1
group_2893,1,1
group_2894,1,1
group_2895,1,1
group_2896,1,1
group_2897,1,1
mukE,1,1
group_2899,1,1
truA,1,1
group_2900,1,1
alx,1,1
group_2902,1,1
group_2903,1,1
group_2904,1,1
rplQ,1,1
group_2906,1,1
ptrB_2,1,1
ompA_4,1,1
acuI,1,1
group_291,1,1
ubiJ_1,1,1
group_2911,1,1
emrD,1,1
group_2913,1,1
metN,1,1
group_2915,1,1
ygaZ,1,1
secB,1,1
ampG,1,1
slyD,1,1
yciH,1,1
znuB_2,1,1
group_2922,1,1
fabH2,1,1
group_2924,1,1
group_2925,1,1
yjmB,1,1
tsaE_2,1,1
lptE,1,1
purA_2,1,1
gntR_1,1,1
group_2931,1,1
lplT,1,1
pykA_1,1,1
gltS_2,1,1
group_2935,1,1
smg,1,1
group_2937,1,1
group_2938,1,1
ahpC_1,1,1
dsdX,1,1
pgl_1,1,1
hslJ,1,1
group_2942,1,1
murG,1,1
adk,1,1
group_2945,1,1
group_2946,1,1
group_2947,1,1
cnoX,1,1
group_2949,1,1
group_295,1,1
rlmA,1,1
dmlR_2,1,1
group_2952,1,1
hslO,1,1
dpiA,1,1
ccp,1,1
group_2956,1,1
sucB_3,1,1
group_2958,1,1
deoR,1,1
group_2960,1,1
gltD_2,1,1
mioC,1,1
ynfM,1,1
rimM,1,1
napA_2,1,1
group_2966,1,1
nrtB,1,1
group_2968,1,1
group_2969,1,1
group_2970,1,1
group_2971,1,1
group_2972,1,1
epsG,1,1
ldh,1,1
group_2975,1,1
rplS,1,1
malS_2,1,1
group_2978,1,1
group_2979,1,1
apaH,1,1
group_2980,1,1
pstB3,1,1
pgrR_2,1,1
lepB,1,1
group_2984,1,1
rplY,1,1
group_2986,1,1
group_2987,1,1
group_2988,1,1
cyaA,1,1
accC,1,1
group_2990,1,1
hutI,1,1
yceF,1,1
rsmE,1,1
group_2994,1,1
cueR_2,1,1
group_2998,1,1
group_2999,1,1
group_3000,1,1
group_3001,1,1
fadA,1,1
rimP,1,1
group_3004,1,1
group_3005,1,1
speG,1,1
glpD,1,1
rsmF,1,1
group_3009,1,1
groL_1,1,1
melR_1,1,1
mnmE,1,1
ask,1,1
gltP_1,1,1
dcuD,1,1
cdhR,1,1
dhaD,1,1
fkpA,1,1
group_3019,1,1
atpD,1,1
ydcV_1,1,1
dppC_1,1,1
prpB,1,1
group_3023,1,1
group_3024,1,1
group_3025,1,1
group_3026,1,1
gcvA_9,1,1
group_3028,1,1
fliA,1,1
group_3030,1,1
group_3031,1,1
hflD,1,1
sdhD,1,1
epsF_1,1,1
yqeY,1,1
cheV_1,1,1
group_3037,1,1
gloA_2,1,1
group_3039,1,1
bdlA_3,1,1
group_3040,1,1
yihD,1,1
yceD,1,1
pdxY_1,1,1
group_3044,1,1
flgI_2,1,1
yejK,1,1
metH,1,1
group_3048,1,1
rnc,1,1
fadB_1,1,1
mtlR,1,1
sthA,1,1
gpt,1,1
nrdA,1,1
group_3054,1,1
malG,1,1
group_3056,1,1
nagC,1,1
group_3058,1,1
group_3059,1,1
group_3060,1,1
group_3061,1,1
group_3062,1,1
group_3063,1,1
ompW,1,1
group_3065,1,1
tusD,1,1
csqR,1,1
group_3068,1,1
ehpR,1,1
uspF,1,1
group_3073,1,1
group_3074,1,1
gloB,1,1
group_3076,1,1
flgF_2,1,1
rpoD,1,1
group_3079,1,1
yecD,1,1
sctC_4,1,1
pgrR_1,1,1
group_3082,1,1
sasA_3,1,1
cvfB,1,1
tatB,1,1
oppD_1,1,1
flgC_2,1,1
rlmL_1,1,1
fabV_2,1,1
vspR,1,1
pdxB,1,1
argH,1,1
group_3094,1,1
ftsQ,1,1
group_3096,1,1
group_3097,1,1
group_3098,1,1
mutS2,1,1
oppA_2,1,1
spoIIAB,1,1
napH,1,1
group_3103,1,1
rpoC_2,1,1
group_3105,1,1
dnaK_1,1,1
oppB_1,1,1
murC,1,1
norG_2,1,1
bamE,1,1
puuD,1,1
rhaR_4,1,1
mdtA_2,1,1
group_3115,1,1
group_3116,1,1
group_3117,1,1
farB,1,1
group_3119,1,1
group_3120,1,1
yhdE,1,1
group_3122,1,1
group_3123,1,1
slyB,1,1
group_3125,1,1
flgG_2,1,1
nudL,1,1
purM_2,1,1
gmhA,1,1
serA,1,1
phoU,1,1
group_3131,1,1
group_3132,1,1
map,1,1
pgm_2,1,1
uhpA,1,1
group_3136,1,1
nudF_2,1,1
gloC,1,1
napC_1,1,1
flgH_1,1,1
group_3141,1,1
group_3142,1,1
group_3143,1,1
polC_2,1,1
group_3145,1,1
licH_2,1,1
nhaA,1,1
cbiB,1,1
tusC,1,1
thrC_1,1,1
group_3150,1,1
ubiA,1,1
xerD_2,1,1
group_3153,1,1
gabD,1,1
adeP,1,1
group_3156,1,1
mdtI,1,1
ligA_1,1,1
group_3159,1,1
ompP1,1,1
fbp,1,1
group_3162,1,1
epsE_1,1,1
tgt,1,1
can,1,1
group_3166,1,1
group_3167,1,1
group_3168,1,1
cheZ,1,1
group_317,1,1
thiS,1,1
group_3171,1,1
nimR_3,1,1
dppA,1,1
yejM_1,1,1
tarI,1,1
group_3176,1,1
group_3177,1,1
rbsC,1,1
group_3179,1,1
tfoX1_1,1,1
aruC,1,1
cusR,1,1
ygjI,1,1
group_3184,1,1
group_3185,1,1
lspA,1,1
group_3187,1,1
group_3188,1,1
pspA,1,1
ilvD_1,1,1
group_3190,1,1
ispG,1,1
group_3192,1,1
ulaC_3,1,1
dsbE_2,1,1
btuD_4,1,1
group_3196,1,1
soj_2,1,1
nasD_1,1,1
group_3199,1,1
adhE,1,1
rstA,1,1
oppF_6,1,1
ftsA,1,1
group_3204,1,1
group_3205,1,1
opuAB,1,1
yiaV_2,1,1
rsmI,1,1
group_3209,1,1
trpG,1,1
group_3211,1,1
group_3212,1,1
sicA,1,1
puuC,1,1
tolQ_3,1,1
group_3216,1,1
ycgM,1,1
group_3218,1,1
cheB_1,1,1
gltC,1,1
yfgD,1,1
group_3221,1,1
gltB_1,1,1
group_3223,1,1
lafL,1,1
murP,1,1
mcpP,1,1
apxIB,1,1
mlaD,1,1
nhaD,1,1
group_3230,1,1
group_3231,1,1
group_3232,1,1
aaeA_1,1,1
sapD,1,1
group_3235,1,1
mexA,1,1
artM,1,1
argP_1,1,1
flaD_4,1,1
group_3240,1,1
pstC,1,1
group_3242,1,1
rluB,1,1
luxR,1,1
epmC,1,1
group_3246,1,1
outN,1,1
group_3248,1,1
mukB,1,1
oppF_2,1,1
group_3251,1,1
yihG_1,1,1
group_3253,1,1
tsaC,1,1
group_3255,1,1
group_3256,1,1
group_3257,1,1
group_3258,1,1
group_3259,1,1
group_3260,1,1
group_3261,1,1
group_3262,1,1
coaA_1,1,1
group_3266,1,1
group_3267,1,1
arsR2,1,1
group_3269,1,1
group_327,1,1
ascG,1,1
group_3271,1,1
yebT,1,1
group_3273,1,1
thiL,1,1
group_3275,1,1
torC,1,1
group_3277,1,1
group_3278,1,1
hpf,1,1
clpA_1,1,1
spo0M_1,1,1
yscX,1,1
group_3282,1,1
group_3283,1,1
group_3284,1,1
group_3285,1,1
group_3286,1,1
group_3287,1,1
speA,1,1
clsA,1,1
group_3290,1,1
group_3291,1,1
group_3292,1,1
sasA_2,1,1
group_3294,1,1
atpA,1,1
rapA,1,1
nfuA,1,1
group_3298,1,1
aaeA_3,1,1
impA,1,1
group_3300,1,1
puuA,1,1
group_3302,1,1
rsfS,1,1
group_3304,1,1
glgC_1,1,1
group_3306,1,1
rlmN,1,1
group_3308,1,1
ptsO,1,1
recA,1,1
cheR1,1,1
ackA_1,1,1
group_3313,1,1
group_3314,1,1
prsE_1,1,1
group_3316,1,1
group_3317,1,1
group_3318,1,1
group_3319,1,1
group_332,1,1
group_3320,1,1
frwD,1,1
rsgA_2,1,1
rpsO,1,1
group_3324,1,1
cat_1,1,1
group_3326,1,1
deoC,1,1
secF_1,1,1
yijD,1,1
group_3330,1,1
group_3331,1,1
group_3332,1,1
pncC_1,1,1
group_3334,1,1
yrdA,1,1
group_3336,1,1
group_3337,1,1
gcvA_7,1,1
dnaG,1,1
caiD,1,1
trmJ,1,1
group_3341,1,1
engB,1,1
group_3343,1,1
group_3344,1,1
dltA,1,1
group_3346,1,1
group_3347,1,1
envC,1,1
ybaB,1,1
group_3350,1,1
group_3351,1,1
fliG_2,1,1
group_3353,1,1
fdhB1,1,1
sfmM2,1,1
panC,1,1
rssB_3,1,1
dctM_1,1,1
group_3359,1,1
group_336,1,1
group_3360,1,1
focA_1,1,1
nrfB,1,1
gnd,1,1
adhR,1,1
group_3365,1,1
aroK,1,1
lrp_6,1,1
group_3368,1,1
secF_2,1,1
fecB,1,1
petF1,1,1
group_3372,1,1
chbG,1,1
group_3374,1,1
occP,1,1
argG,1,1
group_3377,1,1
rbsB,1,1
group_3379,1,1
mscM,1,1
group_3381,1,1
slyX,1,1
group_3385,1,1
tmcA,1,1
hmgA,1,1
group_3388,1,1
IMPDH_2,1,1
pdeR,1,1
alaA,1,1
group_3391,1,1
purH,1,1
group_3393,1,1
group_3394,1,1
ccmC,1,1
folC,1,1
group_3397,1,1
group_3398,1,1
argP_3,1,1
fliM,1,1
group_3401,1,1
tpiA_1,1,1
group_3403,1,1
manP,1,1
group_3405,1,1
fliN,1,1
group_3407,1,1
rhaS_2,1,1
group_3409,1,1
group_341,1,1
group_3410,1,1
msrP,1,1
group_3412,1,1
group_3413,1,1
group_3414,1,1
group_3415,1,1
group_3416,1,1
ytrB,1,1
rfbB,1,1
norG_5,1,1
oppA_3,1,1
rplT,1,1
btuF,1,1
group_3422,1,1
group_3423,1,1
group_3424,1,1
hcp,1,1
ccmE,1,1
plsC,1,1
ompV,1,1
group_3429,1,1
pflB,1,1
group_3431,1,1
group_3432,1,1
group_3433,1,1
group_3434,1,1
rpsS,1,1
group_3436,1,1
mgsA,1,1
proV,1,1
group_3441,1,1
group_3442,1,1
group_3443,1,1
group_3446,1,1
bepA_2,1,1
pqiC,1,1
bamD,1,1
pyrI,1,1
group_3451,1,1
ppnP,1,1
group_3453,1,1
ectB,1,1
ftnA,1,1
sapA,1,1
cydA_2,1,1
holB,1,1
gmhB,1,1
coaA_2,1,1
mneA,1,1
dcuB,1,1
group_3465,1,1
rhtB_4,1,1
dns,1,1
group_3468,1,1
yibL,1,1
rluC,1,1
group_3471,1,1
hisF,1,1
group_3473,1,1
group_3474,1,1
folK_1,1,1
carB,1,1
group_3477,1,1
group_3478,1,1
rapZ,1,1
recN,1,1
group_3481,1,1
group_3482,1,1
group_3483,1,1
rpmC,1,1
group_3485,1,1
fdx,1,1
group_3487,1,1
tktA_2,1,1
ubiK,1,1
group_3490,1,1
arfB,1,1
yhaJ_1,1,1
tilS,1,1
yjjP,1,1
pxpA3,1,1
pstA1,1,1
rne,1,1
group_3498,1,1
group_3499,1,1
cpxR_3,1,1
group_350,1,1
group_3500,1,1
group_3501,1,1
pspC,1,1
group_3503,1,1
hisQ,1,1
tmk,1,1
group_3506,1,1
group_3507,1,1
group_3508,1,1
yefM,1,1
ctcP,1,1
group_3511,1,1
group_3512,1,1
sfsA,1,1
group_3518,1,1
group_3519,1,1
torS,1,1
group_3520,1,1
ydjZ,1,1
sctC_5,1,1
rseP,1,1
cdd,1,1
group_3527,1,1
yciV,1,1
murA,1,1
dbpA,1,1
araA,1,1
group_3532,1,1
sigE_2,1,1
hemC,1,1
group_3535,1,1
group_3536,1,1
ilvH,1,1
group_3538,1,1
rraB,1,1
group_354,1,1
nagL,1,1
gpmI_2,1,1
spo0M_2,1,1
malT_1,1,1
group_3544,1,1
frdD,1,1
pyrD,1,1
group_3547,1,1
group_3548,1,1
frmA,1,1
group_3550,1,1
group_3551,1,1
group_3552,1,1
asd2,1,1
group_3554,1,1
menH_1,1,1
atoC_1,1,1
lapA,1,1
group_3558,1,1
rimI,1,1
group_356,1,1
pnuC,1,1
group_3561,1,1
thiF,1,1
epsL_2,1,1
ftsB,1,1
moaC,1,1
ydiK_2,1,1
group_3567,1,1
tolR_2,1,1
ppnN,1,1
fliQ_2,1,1
group_3571,1,1
btuC,1,1
group_3573,1,1
group_3574,1,1
psuT,1,1
msbA,1,1
soxR,1,1
oxyR_3,1,1
yggS,1,1
nagK_2,1,1
fbpC,1,1
group_3584,1,1
ptrA,1,1
group_3586,1,1
apbE,1,1
group_3588,1,1
nhaR_2,1,1
group_3590,1,1
group_3591,1,1
group_3592,1,1
folK_2,1,1
group_3594,1,1
rplX,1,1
aguA,1,1
ynjB,1,1
greB,1,1
ndk,1,1
argE,1,1
group_3603,1,1
group_3604,1,1
group_3605,1,1
ubiC,1,1
metQ_1,1,1
mntB,1,1
group_3609,1,1
ruvC,1,1
dtpT,1,1
rcsC_10,1,1
exsA,1,1
epsM_2,1,1
group_3615,1,1
ygfF,1,1
gshA,1,1
pnp_2,1,1
pilT_1,1,1
group_3620,1,1
lysN,1,1
group_3622,1,1
group_3623,1,1
group_3624,1,1
glpK,1,1
ihfA_1,1,1
cobC,1,1
dapAL,1,1
topA_2,1,1
group_3630,1,1
group_3631,1,1
group_3632,1,1
ousW,1,1
group_3634,1,1
group_3635,1,1
argF,1,1
ccmB,1,1
ruvB,1,1
group_3639,1,1
rnfH_2,1,1
rhtC_2,1,1
group_3642,1,1
gmk,1,1
fabV_1,1,1
sucA_2,1,1
sdhB,1,1
group_3647,1,1
marR,1,1
gdx,1,1
glnG_3,1,1
group_3651,1,1
pldB,1,1
ppk,1,1
group_3654,1,1
cysQ,1,1
oppD_5,1,1
dcmA,1,1
ccmA,1,1
group_3659,1,1
pal_7,1,1
asnS,1,1
group_3664,1,1
group_3665,1,1
dppB,1,1
group_3667,1,1
ctaA,1,1
thiI,1,1
rpmB,1,1
mnmA_2,1,1
group_3673,1,1
mlc,1,1
rpoZ,1,1
epsC,1,1
group_3677,1,1
group_3678,1,1
group_3679,1,1
group_3680,1,1
group_3681,1,1
group_3682,1,1
glpE_3,1,1
group_3684,1,1
group_3685,1,1
grxA,1,1
grpE,1,1
rluD,1,1
group_3689,1,1
group_3690,1,1
sbnH,1,1
group_3692,1,1
group_3693,1,1
group_3694,1,1
group_3695,1,1
group_3696,1,1
mpaA,1,1
xecA1,1,1
flhB_3,1,1
ddl,1,1
group_3701,1,1
fliE_1,1,1
zntR_3,1,1
fdhD_3,1,1
group_3705,1,1
rplL,1,1
gsk_1,1,1
ypjD,1,1
group_3709,1,1
group_3710,1,1
thiG,1,1
flgE_2,1,1
cspG_2,1,1
dpiB_1,1,1
group_3715,1,1
phnX_2,1,1
torR,1,1
group_3718,1,1
group_3719,1,1
group_3720,1,1
ppaC_2,1,1
group_3722,1,1
group_3723,1,1
group_3724,1,1
group_3725,1,1
sucC,1,1
yidC,1,1
group_3728,1,1
kdsD,1,1
group_3730,1,1
cysG_4,1,1
sstT_2,1,1
ilvG,1,1
yscL_2,1,1
group_3735,1,1
group_3736,1,1
aroE,1,1
nqrA,1,1
fadR,1,1
group_374,1,1
xerC_3,1,1
group_3741,1,1
group_3742,1,1
puuE,1,1
group_3744,1,1
group_3745,1,1
group_3746,1,1
group_3747,1,1
group_3748,1,1
envZ,1,1
prmC,1,1
nagB,1,1
alaE,1,1
group_3752,1,1
cspD,1,1
brnQ_1,1,1
btuR,1,1
group_3756,1,1
group_3757,1,1
argS,1,1
group_3759,1,1
glgX,1,1
tdh2,1,1
metAS,1,1
cysC,1,1
group_3764,1,1
group_3765,1,1
group_3766,1,1
pheA,1,1
rsmG,1,1
lafS,1,1
ktrA_2,1,1
group_3771,1,1
flaD_3,1,1
murB,1,1
dmlR_1,1,1
group_3777,1,1
pyrB,1,1
group_3779,1,1
rlmF,1,1
nirD_2,1,1
group_3782,1,1
group_3783,1,1
group_3784,1,1
ftsL,1,1
cydX,1,1
sdhC_2,1,1
group_3788,1,1
group_3789,1,1
dapB,1,1
gtfA,1,1
group_3792,1,1
torY,1,1
group_3794,1,1
group_3795,1,1
atpC,1,1
rbsA,1,1
dtpA,1,1
group_3799,1,1
group_3800,1,1
nudE,1,1
group_3802,1,1
ybbJ,1,1
group_3804,1,1
group_3805,1,1
norM_2,1,1
group_3807,1,1
puuR,1,1
COQ3_1,1,1
zntR_1,1,1
spoT,1,1
group_3812,1,1
group_3815,1,1
group_3816,1,1
group_3817,1,1
apaG,1,1
mltF_3,1,1
glyS,1,1
group_3821,1,1
group_3822,1,1
cpxR_1,1,1
xcpV,1,1
era,1,1
atpB_2,1,1
infC,1,1
glnS,1,1
group_3829,1,1
group_3830,1,1
fadI,1,1
dnaB,1,1
group_3835,1,1
group_3836,1,1
group_3837,1,1
ftsW,1,1
glnB_2,1,1
group_384,1,1
group_3840,1,1
group_3843,1,1
yciN,1,1
fadL_2,1,1
prmA,1,1
group_3847,1,1
pdhR,1,1
group_3849,1,1
toxS,1,1
rnpA,1,1
rhaR_9,1,1
fliR_1,1,1
bigR,1,1
pilT_2,1,1
group_3856,1,1
ybiV,1,1
group_3858,1,1
group_3859,1,1
murF,1,1
yigZ,1,1
group_3862,1,1
group_3863,1,1
ahpC_2,1,1
group_3865,1,1
group_3866,1,1
group_3867,1,1
mreD,1,1
yccS,1,1
mutH,1,1
rfaH,1,1
group_3871,1,1
group_3872,1,1
group_3873,1,1
xcpW,1,1
group_3875,1,1
group_3876,1,1
deoD1,1,1
fis,1,1
group_3879,1,1
group_388,1,1
kdsB,1,1
group_3881,1,1
group_3882,1,1
group_3885,1,1
hns,1,1
sucD,1,1
flgB_2,1,1
flaB,1,1
rsxB_2,1,1
glnA,1,1
sapC,1,1
rlmM,1,1
nirD_1,1,1
purB,1,1
umpB,1,1
speF,1,1
cfxP,1,1
ftsI,1,1
rnr_2,1,1
accD_2,1,1
group_3901,1,1
group_3902,1,1
group_3903,1,1
group_3904,1,1
thiH,1,1
lysA,1,1
srkA,1,1
cynR,1,1
group_3909,1,1
lexA,1,1
oxyR_4,1,1
group_3911,1,1
yheI,1,1
group_3913,1,1
ndh,1,1
uvrA,1,1
group_3916,1,1
fliS_1,1,1
mmsB_3,1,1
recG,1,1
yqjC,1,1
bioC,1,1
ysnE,1,1
pal_2,1,1
trkH,1,1
bvgA,1,1
group_3926,1,1
group_3927,1,1
group_3928,1,1
lolA,1,1
pdxH_2,1,1
ulaC_2,1,1
gdhB_1,1,1
flgC_1,1,1
group_3934,1,1
rplW,1,1
murD,1,1
group_3937,1,1
group_3938,1,1
malK,1,1
bamB,1,1
group_3941,1,1
group_3942,1,1
group_3943,1,1
bioD1,1,1
group_3945,1,1
group_3946,1,1
group_3947,1,1
group_3948,1,1
ohrB,1,1
group_3950,1,1
radA_2,1,1
hemF,1,1
rpsK,1,1
atoC_2,1,1
fecE,1,1
yscO,1,1
group_3957,1,1
rhtC_1,1,1
fumA,1,1
tldD_1,1,1
group_3961,1,1
flgL,1,1
pdxY_2,1,1
rcsC_9,1,1
cirA,1,1
group_3966,1,1
panB,1,1
group_3968,1,1
hag,1,1
rbsR,1,1
group_3971,1,1
group_3972,1,1
cheW,1,1
uspA_3,1,1
group_3975,1,1
volA,1,1
lpxC,1,1
group_3978,1,1
parE,1,1
group_398,1,1
group_3980,1,1
group_3981,1,1
group_3982,1,1
hpdA,1,1
group_3984,1,1
group_3985,1,1
ompA_8,1,1
pstS1_2,1,1
lrp_5,1,1
group_3989,1,1
gcvA_5,1,1
uspB,1,1
group_3991,1,1
csrD,1,1
group_3993,1,1
rplC,1,1
hutH_2,1,1
group_3996,1,1
group_3997,1,1
rplD,1,1
rpoS,1,1
bioF,1,1
tldD_2,1,1
nadK,1,1
ogt,1,1
group_4005,1,1
group_4006,1,1
pykF,1,1
pldA_1,1,1
nit1,1,1
recR,1,1
group_4011,1,1
rsmD,1,1
group_4013,1,1
ompR_4,1,1
group_4015,1,1
bepA_3,1,1
sdcS_1,1,1
ccoP2,1,1
group_4019,1,1
group_402,1,1
plsB,1,1
group_4021,1,1
group_4022,1,1
degP,1,1
group_4024,1,1
yibN,1,1
group_4026,1,1
zapC,1,1
group_4028,1,1
group_4029,1,1
xseB,1,1
group_4030,1,1
zur,1,1
group_4032,1,1
group_4033,1,1
COQ3_2,1,1
bepC_1,1,1
ydiK_1,1,1
iscR,1,1
yahB_2,1,1
group_4039,1,1
rpoN,1,1
group_4040,1,1
tolR_1,1,1
ectA,1,1
group_4043,1,1
group_4044,1,1
matP,1,1
fliE_2,1,1
group_4047,1,1
msrAB_2,1,1
ppsR,1,1
rpsG,1,1
group_4050,1,1
mepS,1,1
epd,1,1
group_4053,1,1
metB,1,1
group_4057,1,1
norR_3,1,1
nap,1,1
rimJ,1,1
group_4061,1,1
sdhE,1,1
group_4063,1,1
nqrD,1,1
group_4065,1,1
group_4066,1,1
rpmI,1,1
group_4068,1,1
group_4069,1,1
lptB_2,1,1
group_4071,1,1
group_4072,1,1
group_4073,1,1
nqrE,1,1
ecfT,1,1
group_4076,1,1
torD_2,1,1
pcpR_1,1,1
cheV_3,1,1
group_4080,1,1
group_4081,1,1
tolC_1,1,1
group_4083,1,1
group_4084,1,1
dmlR_5,1,1
fliP,1,1
group_4087,1,1
cutA,1,1
yejE,1,1
rhaS_10,1,1
group_4093,1,1
group_4094,1,1
ychQ,1,1
group_4098,1,1
pepA,1,1
fliS_3,1,1
sdaC_2,1,1
rbfA,1,1
group_4105,1,1
raiA,1,1
srlR,1,1
group_4108,1,1
group_4109,1,1
glyQ,1,1
group_4111,1,1
yciO,1,1
group_4113,1,1
group_4114,1,1
spaR,1,1
group_4116,1,1
arcA,1,1
metQ_2,1,1
group_4119,1,1
group_4120,1,1
group_4121,1,1
group_4122,1,1
group_4123,1,1
group_4124,1,1
group_4125,1,1
potE,1,1
rsxB_1,1,1
uspA_2,1,1
dapD,1,1
group_4132,1,1
group_4133,1,1
ibaG,1,1
group_4135,1,1
aat,1,1
ung,1,1
group_4138,1,1
napG,1,1
narL_2,1,1
exoI,1,1
yqcC,1,1
doeB_2,1,1
fsaA,1,1
yadG,1,1
acpS,1,1
bioP,1,1
dhaR,1,1
group_4151,1,1
group_4152,1,1
prfB_2,1,1
group_4154,1,1
ansA,1,1
rpoB,1,1
group_4157,1,1
group_4158,1,1
group_4159,1,1
fabG_1,1,1
adh,1,1
thiC,1,1
fhs,1,1
group_4163,1,1
group_4164,1,1
yjdF,1,1
group_4166,1,1
tolQ_2,1,1
ttgI_1,1,1
group_4169,1,1
ldhA,1,1
group_4170,1,1
ppsA_2,1,1
group_4172,1,1
mreC,1,1
ompA_9,1,1
group_4175,1,1
clpX,1,1
bglB,1,1
torA,1,1
lamB,1,1
efp,1,1
dmlR_10,1,1
deoA,1,1
glmS,1,1
group_4184,1,1
damX_2,1,1
group_4186,1,1
hisM,1,1
group_4188,1,1
sasA_5,1,1
glgC_2,1,1
fliI_2,1,1
group_4192,1,1
group_4193,1,1
purC,1,1
cysG_1,1,1
group_4196,1,1
apt,1,1
group_4198,1,1
group_4199,1,1
group_42,1,1
group_4200,1,1
rplM_2,1,1
dhaK_2,1,1
blc,1,1
araC,1,1
group_4205,1,1
frr,1,1
rsgA_1,1,1
ectC,1,1
siaQ,1,1
yidZ_6,1,1
group_4211,1,1
group_4212,1,1
grcA_2,1,1
group_4214,1,1
pssA,1,1
fecC,1,1
group_4217,1,1
group_4218,1,1
gcvH,1,1
tsaD,1,1
sgrR_4,1,1
group_4221,1,1
menE_1,1,1
yhdW,1,1
yabJ,1,1
rlmH,1,1
group_4226,1,1
group_4227,1,1
rbsD,1,1
frdB,1,1
livH,1,1
group_4231,1,1
group_4232,1,1
maeA,1,1
group_4234,1,1
ktrA_1,1,1
cysB_2,1,1
group_4237,1,1
group_4240,1,1
pspB_2,1,1
group_4246,1,1
group_4247,1,1
pctB_1,1,1
erpA,1,1
tnaA,1,1
group_4252,1,1
group_4253,1,1
group_4254,1,1
aceF,1,1
trpGD_2,1,1
yscY,1,1
acoR,1,1
znuC,1,1
group_4260,1,1
group_4261,1,1
fre,1,1
group_4263,1,1
lptF,1,1
group_4265,1,1
dusC_2,1,1
rpmA,1,1
dnaJ,1,1
typA,1,1
group_4270,1,1
group_4271,1,1
group_4272,1,1
lpxA,1,1
hdfR_8,1,1
ccoN1,1,1
group_4276,1,1
group_4277,1,1
ibpA,1,1
oppD_3,1,1
vopS,1,1
group_4281,1,1
group_4282,1,1
group_4283,1,1
yghB,1,1
iscS,1,1
group_4286,1,1
hflK,1,1
group_4288,1,1
rplE,1,1
group_4290,1,1
group_4291,1,1
priB,1,1
group_4293,1,1
group_4294,1,1
group_4295,1,1
group_4296,1,1
luxP,1,1
group_4298,1,1
fabZ,1,1
bicA_1,1,1
mkl,1,1
hdfR_2,1,1
group_4302,1,1
rhlB,1,1
hcr,1,1
lpoB,1,1
group_4306,1,1
glnM,1,1
group_431,1,1
ybiT_1,1,1
group_4311,1,1
ycaD,1,1
group_4313,1,1
group_4314,1,1
group_4315,1,1
group_4316,1,1
yhcB,1,1
group_4318,1,1
ribA,1,1
group_432,1,1
group_4320,1,1
ynjF_1,1,1
deoB,1,1
sdhA,1,1
group_4324,1,1
hscB,1,1
tdh1_2,1,1
group_4327,1,1
macB_3,1,1
secG,1,1
pelX_3,1,1
fruB,1,1
group_4336,1,1
group_4337,1,1
group_4338,1,1
mhqP,1,1
axeA1,1,1
group_4340,1,1
smpB_4,1,1
eda_2,1,1
prlC,1,1
gbpA_2,1,1
group_4350,1,1
group_4351,1,1
group_4352,1,1
araB_4,1,1
group_4356,1,1
ydcF,1,1
group_4358,1,1
group_4359,1,1
group_4360,1,1
group_4362,1,1
group_4363,1,1
yohD_2,1,1
ptsP,1,1
adhB,1,1
mmsA_2,1,1
spy,1,1
nhaP2_1,1,1
group_4371,1,1
group_4372,1,1
group_4373,1,1
tam,1,1
group_4375,1,1
group_4376,1,1
czcR,1,1
artQ,1,1
group_4379,1,1
group_438,1,1
group_4380,1,1
cat_2,1,1
xanP,1,1
treR,1,1
uhpT,1,1
group_4385,1,1
group_4388,1,1
group_4389,1,1
group_439,1,1
rsmC,1,1
group_4391,1,1
lacA,1,1
group_4393,1,1
group_4394,1,1
ispU,1,1
group_4396,1,1
group_4397,1,1
group_4398,1,1
group_440,1,1
alsT_1,1,1
asnC_1,1,1
gpsA,1,1
group_4406,1,1
zwf,1,1
hmp_2,1,1
norG_4,1,1
polC_1,1,1
group_4413,1,1
bkdB,1,1
group_4415,1,1
group_4416,1,1
group_4417,1,1
group_4418,1,1
group_4419,1,1
oppD_2,1,1
eptA,1,1
rsmJ,1,1
malQ,1,1
uvrB,1,1
group_4425,1,1
group_4426,1,1
group_4429,1,1
tenA,1,1
rpiA,1,1
aaeB,1,1
group_4433,1,1
group_4434,1,1
paaF_2,1,1
ribF,1,1
rph,1,1
pdeC_1,1,1
group_4439,1,1
recB,1,1
cheB1,1,1
wcaJ,1,1
gph_8,1,1
gloA_1,1,1
pldA_2,1,1
hisG,1,1
ilvA,1,1
group_4450,1,1
group_4451,1,1
group_4453,1,1
group_4454,1,1
group_4455,1,1
group_4456,1,1
phoB_4,1,1
group_4459,1,1
cdr,1,1
ybhS,1,1
cstA,1,1
coaE,1,1
group_4465,1,1
PGdx_1,1,1
rnhB,1,1
group_4468,1,1
ahpF_2,1,1
rspR,1,1
kefC_1,1,1
group_4472,1,1
dinG_4,1,1
umpA,1,1
glpQ,1,1
group_4476,1,1
group_4478,1,1
appB,1,1
prfC,1,1
prt_1,1,1
lolD_1,1,1
fpuA,1,1
group_4484,1,1
ald_3,1,1
btuD_2,1,1
astD_2,1,1
group_4488,1,1
group_4489,1,1
group_4490,1,1
group_4492,1,1
garR,1,1
fliR_2,1,1
ydaF_2,1,1
group_4496,1,1
galT,1,1
group_4498,1,1
nnr,1,1
tufB,1,1
vgrG1,1,1
group_4501,1,1
czcA_4,1,1
group_4503,1,1
group_4504,1,1
group_4505,1,1
gap3,1,1
ligA_2,1,1
dapA,1,1
nagA,1,1
rppH_2,1,1
surA,1,1
sapB,1,1
acnB,1,1
queA,1,1
dmsB,1,1
group_4519,1,1
group_4520,1,1
sodA_1,1,1
group_4524,1,1
mutS_2,1,1
group_4526,1,1
opgE,1,1
tdh,1,1
trpE,1,1
group_4530,1,1
ogl,1,1
group_4533,1,1
tas,1,1
luxO_1,1,1
btsS,1,1
btuD_5,1,1
ptrB_1,1,1
group_4539,1,1
group_454,1,1
group_4540,1,1
nrdG,1,1
ribN,1,1
ktrB_1,1,1
holD_2,1,1
nanR,1,1
group_4548,1,1
group_4549,1,1
group_455,1,1
group_4552,1,1
mepA_2,1,1
yjjI,1,1
group_4556,1,1
sseA,1,1
fccA,1,1
yscU_1,1,1
group_456,1,1
group_4560,1,1
yejF,1,1
add,1,1
glgB,1,1
trpS2,1,1
hscA_3,1,1
astA,1,1
group_4567,1,1
group_4568,1,1
group_4569,1,1
rcsC_5,1,1
cqsA,1,1
ycjX,1,1
group_4572,1,1
gshB,1,1
pxpC,1,1
dsbD_2,1,1
group_4576,1,1
group_4577,1,1
ptsG_2,1,1
group_458,1,1
rhaR_5,1,1
ygiF,1,1
dctP_1,1,1
guaA,1,1
group_4587,1,1
pheS,1,1
glaR,1,1
group_459,1,1
kdgR_2,1,1
ctaB,1,1
lacC,1,1
fni,1,1
mleN,1,1
group_4597,1,1
rcsC_3,1,1
uhpC_2,1,1
nfsB,1,1
group_4601,1,1
glxK_3,1,1
dmlR_3,1,1
cysN,1,1
nasD_2,1,1
araH_3,1,1
soj_1,1,1
mdoB,1,1
group_4616,1,1
luxQ,1,1
ybeY,1,1
group_4619,1,1
group_462,1,1
yecN,1,1
group_4622,1,1
eda_1,1,1
group_4624,1,1
group_4625,1,1
yaeQ,1,1
potD_2,1,1
group_4628,1,1
aroC,1,1
rhaR_2,1,1
group_4630,1,1
group_4631,1,1
queE,1,1
ltaA,1,1
group_4634,1,1
dmsC,1,1
group_4636,1,1
group_4637,1,1
pal_6,1,1
group_4639,1,1
cyaB,1,1
dgkA_2,1,1
ratA,1,1
lapB,1,1
leuC_2,1,1
group_4649,1,1
group_465,1,1
gltP_4,1,1
rarD_2,1,1
group_4652,1,1
group_4653,1,1
sdaB,1,1
mdtL_1,1,1
sctC_1,1,1
group_4658,1,1
group_466,1,1
deaD_3,1,1
pdxA,1,1
hemL_3,1,1
ispD,1,1
group_4664,1,1
group_4665,1,1
ybhF,1,1
cmoB,1,1
aspC,1,1
ycjY_2,1,1
satP,1,1
group_4671,1,1
clpV1,1,1
group_4673,1,1
rcsC_1,1,1
flhA_1,1,1
group_4676,1,1
bhuA,1,1
dmlR_8,1,1
group_468,1,1
djlA_2,1,1
group_4682,1,1
ulaF_3,1,1
recJ,1,1
group_4687,1,1
fabF_3,1,1
tyrR,1,1
pyrC,1,1
dctD_4,1,1
group_4691,1,1
group_4692,1,1
glpX,1,1
ycdX_2,1,1
group_4695,1,1
group_4696,1,1
group_4697,1,1
yohK,1,1
group_4699,1,1
macA_1,1,1
yiaV_1,1,1
group_4701,1,1
group_4702,1,1
tamB,1,1
hcaT,1,1
tupA,1,1
group_4706,1,1
gcvT,1,1
group_4709,1,1
group_471,1,1
group_4710,1,1
group_4711,1,1
group_4712,1,1
pgm_1,1,1
group_4714,1,1
group_4715,1,1
group_4717,1,1
group_4718,1,1
group_4719,1,1
group_472,1,1
group_4721,1,1
dacA_2,1,1
group_4723,1,1
group_4724,1,1
acpP_1,1,1
purA_1,1,1
groS_1,1,1
hpt,1,1
group_4731,1,1
group_4732,1,1
ykoD,1,1
menH_3,1,1
group_4735,1,1
pknD_1,1,1
pmbA_2,1,1
group_4738,1,1
dsbB,1,1
group_474,1,1
ousX,1,1
nhoA,1,1
group_4744,1,1
pepD,1,1
dctB_1,1,1
chb,1,1
sodC,1,1
cydA_1,1,1
nmoA,1,1
abgT_2,1,1
amyS,1,1
group_4758,1,1
macB_2,1,1
group_476,1,1
lhpI,1,1
rhaS_4,1,1
group_4762,1,1
group_4763,1,1
rsmB,1,1
group_4765,1,1
hemN,1,1
yxeO,1,1
moaB,1,1
group_4769,1,1
group_477,1,1
ygjH,1,1
group_4772,1,1
crp_1,1,1
livF,1,1
rgtE,1,1
cysG_3,1,1
group_4777,1,1
group_4778,1,1
group_478,1,1
valS,1,1
group_4782,1,1
group_4783,1,1
group_4784,1,1
group_4785,1,1
argA,1,1
fusA_1,1,1
yscQ,1,1
sbcD,1,1
group_479,1,1
slyA_1,1,1
group_4791,1,1
argB,1,1
group_4793,1,1
chiA_1,1,1
pdeC_2,1,1
group_4796,1,1
proS,1,1
group_4798,1,1
fdhD_1,1,1
virS,1,1
tktA_1,1,1
astE,1,1
sasA_7,1,1
group_4803,1,1
group_4804,1,1
group_4805,1,1
yffB_2,1,1
glnQ,1,1
group_4809,1,1
group_481,1,1
malF,1,1
group_4811,1,1
pdeD_2,1,1
kefC_2,1,1
yeaD,1,1
group_4815,1,1
dlsT,1,1
ycfS,1,1
napF_1,1,1
group_4819,1,1
grxB,1,1
aas,1,1
cdaR_3,1,1
trmL,1,1
lpp_1,1,1
group_4827,1,1
wecH,1,1
leuE_1,1,1
pip,1,1
group_4831,1,1
ydhF_1,1,1
guaB,1,1
glyA2,1,1
dld,1,1
trpB_2,1,1
group_4839,1,1
group_484,1,1
recD,1,1
pknD_2,1,1
group_4842,1,1
acp_1,1,1
group_4846,1,1
group_4847,1,1
group_4848,1,1
bcp,1,1
group_485,1,1
group_4850,1,1
sdcS_2,1,1
group_4852,1,1
yedI,1,1
mgtE_1,1,1
group_4855,1,1
group_4856,1,1
dnaE,1,1
folE,1,1
group_4859,1,1
group_486,1,1
fruA_2,1,1
murQ_1,1,1
group_4862,1,1
group_4863,1,1
ilvM,1,1
mrdB,1,1
leuO_6,1,1
ycdX_1,1,1
def2,1,1
fruA_1,1,1
group_4872,1,1
group_4874,1,1
gcvP,1,1
group_4876,1,1
group_4877,1,1
trkI,1,1
phoP,1,1
group_4880,1,1
gltB_2,1,1
group_4884,1,1
group_4886,1,1
ydjA,1,1
cc4,1,1
group_4889,1,1
group_489,1,1
hisC,1,1
group_4891,1,1
czcA_2,1,1
cpxA_2,1,1
ompR_1,1,1
group_4896,1,1
rcsC_8,1,1
group_4898,1,1
group_4899,1,1
group_490,1,1
htpX_1,1,1
tatA,1,1
lrp_2,1,1
hemH,1,1
csy3,1,1
yscJ,1,1
group_4908,1,1
group_4909,1,1
fhuC,1,1
lldD,1,1
phaC,1,1
ilvI,1,1
group_4916,1,1
mmgC_1,1,1
ppiB_2,1,1
group_4919,1,1
gph_3,1,1
yejM_2,1,1
yddG,1,1
folP,1,1
modA,1,1
yggP,1,1
emrA,1,1
group_4926,1,1
yscN,1,1
group_4928,1,1
betA,1,1
manA_1,1,1
lolC,1,1
group_4931,1,1
group_4934,1,1
mepA_1,1,1
group_4936,1,1
group_4937,1,1
gcvA_3,1,1
ubiB_2,1,1
group_494,1,1
yegS_2,1,1
yccF,1,1
group_4942,1,1
yhaJ_2,1,1
group_4944,1,1
group_4945,1,1
ilvE,1,1
group_4949,1,1
group_495,1,1
group_4950,1,1
group_4951,1,1
yafJ,1,1
group_4953,1,1
lpxD,1,1
mfd,1,1
group_4956,1,1
group_4957,1,1
queC,1,1
group_4959,1,1
group_496,1,1
group_4960,1,1
lptD,1,1
group_4962,1,1
group_4963,1,1
group_4964,1,1
group_4965,1,1
group_4966,1,1
group_4967,1,1
decR,1,1
group_4969,1,1
group_497,1,1
yclQ,1,1
acs_2,1,1
tupB,1,1
group_4973,1,1
yigL,1,1
uvrD,1,1
accB,1,1
dctD_1,1,1
ltaE,1,1
group_4979,1,1
group_498,1,1
group_4980,1,1
group_4981,1,1
mltF_2,1,1
intA_1,1,1
trpB_1,1,1
mexB_2,1,1
group_4986,1,1
yscD,1,1
tpm_2,1,1
group_4989,1,1
group_499,1,1
group_4990,1,1
helD,1,1
tet(35),1,1
epsF_2,1,1
group_4997,1,1
group_4998,1,1
rpmG,1,1
gntR_2,1,1
secD_2,1,1
group_5004,1,1
bepF_2,1,1
dusA,1,1
group_5007,1,1
group_5008,1,1
group_5009,1,1
dgt,1,1
dhaT,1,1
prc,1,1
group_5013,1,1
group_5014,1,1
gcvR,1,1
csdA,1,1
fadE_2,1,1
group_502,1,1
amiE,1,1
group_5021,1,1
frp,1,1
group_5025,1,1
yihI,1,1
fliI_1,1,1
elbB,1,1
sasA_8,1,1
group_503,1,1
artI,1,1
group_5031,1,1
rfaQ,1,1
group_5033,1,1
icd2,1,1
group_5035,1,1
group_5036,1,1
ctaD,1,1
melR_2,1,1
group_5039,1,1
group_504,1,1
group_5041,1,1
rcsC_4,1,1
group_5043,1,1
sasA_9,1,1
purT,1,1
pspB_1,1,1
group_5047,1,1
group_5048,1,1
yknY_2,1,1
czcD,1,1
group_5050,1,1
brnQ_2,1,1
nasA,1,1
fadJ,1,1
serC,1,1
ridA_1,1,1
group_5056,1,1
ppaC_1,1,1
group_5058,1,1
group_5059,1,1
group_506,1,1
yeeO_3,1,1
uhpC_1,1,1
yhhW,1,1
amsI_3,1,1
gadC,1,1
group_5067,1,1
group_5068,1,1
tyrS_2,1,1
group_507,1,1
nplT,1,1
mmgC_2,1,1
group_5072,1,1
group_5073,1,1
araG_3,1,1
group_5078,1,1
dgkA_1,1,1
rlmI_2,1,1
mpl,1,1
group_5082,1,1
group_5083,1,1
fadH,1,1
infB,1,1
group_5086,1,1
group_5087,1,1
group_5088,1,1
ycfH,1,1
group_509,1,1
rppH_1,1,1
iolU,1,1
ygjK,1,1
group_5093,1,1
murQ_2,1,1
pal_4,1,1
mdtE,1,1
gph_5,1,1
group_510,1,1
rpoE_2,1,1
tesB,1,1
mlaC,1,1
tcdA,1,1
group_5105,1,1
mdlB,1,1
group_5108,1,1
yfiC,1,1
lrp_4,1,1
group_5110,1,1
pdeN,1,1
group_5112,1,1
group_5113,1,1
rpsJ_3,1,1
group_5117,1,1
spaP_1,1,1
group_5119,1,1
group_512,1,1
group_5120,1,1
acs_4,1,1
group_5125,1,1
group_5126,1,1
mgtE_2,1,1
hemB,1,1
group_5129,1,1
rhtB_1,1,1
bepA_4,1,1
group_5131,1,1
group_5132,1,1
yjbR,1,1
group_5135,1,1
group_5136,1,1
group_5137,1,1
uup_2,1,1
truB,1,1
aer_1,1,1
cusA,1,1
yhgF_3,1,1
group_5142,1,1
luxO_3,1,1
group_5144,1,1
torT,1,1
group_5146,1,1
fumC,1,1
rhtB_3,1,1
group_5149,1,1
acs_1,1,1
nemR,1,1
yeeO_1,1,1
rpsH,1,1
group_5155,1,1
sdcS_3,1,1
ygjP,1,1
yhfA_1,1,1
group_5159,1,1
etfA,1,1
group_5160,1,1
oppC_1,1,1
group_5162,1,1
hslV,1,1
group_5164,1,1
sasA_10,1,1
metC,1,1
yjiG,1,1
leuD1_3,1,1
tpm_1,1,1
yfcE,1,1
malP,1,1
cmoM,1,1
fpr,1,1
group_5175,1,1
nupX_2,1,1
ispF_2,1,1
prt_2,1,1
group_5179,1,1
phzF,1,1
group_5180,1,1
carA,1,1
group_5182,1,1
pgrR_4,1,1
yscU_2,1,1
yajL,1,1
group_5186,1,1
group_5187,1,1
group_5188,1,1
fkpB,1,1
liuE_2,1,1
cyoD,1,1
group_5191,1,1
frlR,1,1
group_5193,1,1
pgrR_5,1,1
yfcA_2,1,1
group_5196,1,1
group_5197,1,1
katA,1,1
srpA,1,1
group_520,1,1
araF,1,1
rlmB_2,1,1
rplF_2,1,1
group_5206,1,1
group_5207,1,1
group_5208,1,1
gap2,1,1
menB_2,1,1
group_5210,1,1
cah,1,1
menA,1,1
yhhQ,1,1
group_5214,1,1
group_5215,1,1
group_5216,1,1
phnR,1,1
mmsB_2,1,1
group_5220,1,1
menC,1,1
ynjC,1,1
hlyC,1,1
murJ_3,1,1
group_5225,1,1
ruvA,1,1
hisI,1,1
group_5228,1,1
group_5229,1,1
fabG_3,1,1
chuW,1,1
group_5231,1,1
group_5232,1,1
group_5233,1,1
lrp_3,1,1
mdtA_1,1,1
bepE_1,1,1
dtd,1,1
htpG_2,1,1
group_524,1,1
group_5240,1,1
aceB,1,1
group_5242,1,1
group_5243,1,1
narQ,1,1
ileS,1,1
nadA,1,1
der,1,1
cdpA,1,1
glgA,1,1
group_525,1,1
nhaB,1,1
group_5251,1,1
bepG,1,1
ttcA,1,1
group_5254,1,1
ytrF,1,1
focA_2,1,1
amtB_2,1,1
aroF_5,1,1
group_5259,1,1
group_526,1,1
group_5260,1,1
group_5261,1,1
group_5262,1,1
phaB,1,1
acnD,1,1
group_5265,1,1
group_5266,1,1
rarD_3,1,1
moeA,1,1
group_5269,1,1
group_527,1,1
thiQ,1,1
glnL,1,1
group_5272,1,1
group_5273,1,1
group_5274,1,1
group_5275,1,1
gltX,1,1
yidZ_1,1,1
udp_2,1,1
phhA,1,1
group_528,1,1
group_5280,1,1
ptsN_1,1,1
fmt,1,1
group_5284,1,1
lnt,1,1
yopJ,1,1
group_5287,1,1
katG,1,1
truD,1,1
pfs,1,1
group_5290,1,1
argT,1,1
ybaL,1,1
group_5293,1,1
moaA_1,1,1
group_5295,1,1
group_5296,1,1
nagZ,1,1
ompA_2,1,1
group_530,1,1
abgT_1,1,1
group_5302,1,1
gntK,1,1
vdcA,1,1
holC,1,1
group_5306,1,1
btsR_1,1,1
ravA,1,1
group_5309,1,1
mprA_1,1,1
group_5311,1,1
group_5313,1,1
narL_1,1,1
gph_4,1,1
group_5316,1,1
mdtB,1,1
mukF,1,1
group_5319,1,1
rssB_1,1,1
iclR,1,1
acr3,1,1
codA,1,1
ompU_2,1,1
group_5324,1,1
rcsC_11,1,1
group_5326,1,1
group_5327,1,1
group_533,1,1
ushA_2,1,1
group_5331,1,1
acrE,1,1
group_5333,1,1
ecfA2,1,1
group_5335,1,1
rhaS_3,1,1
cobQ,1,1
bamC,1,1
group_534,1,1
group_5340,1,1
alkA,1,1
group_5342,1,1
alr1,1,1
group_5344,1,1
trxC,1,1
group_5346,1,1
rhlE_8,1,1
group_5348,1,1
pal_1,1,1
ydhC_2,1,1
leuO_8,1,1
lpxB,1,1
ydhR_3,1,1
aspA_1,1,1
flgG_1,1,1
bicA,1,1
doeB_1,1,1
barA_2,1,1
group_5361,1,1
flhA_2,1,1
mrcA,1,1
prsD,1,1
petJ,1,1
group_5366,1,1
group_5367,1,1
nemA_2,1,1
group_5369,1,1
group_537,1,1
menF,1,1
group_5371,1,1
pyrF,1,1
znuB_1,1,1
mdtA_4,1,1
kduD,1,1
mnmG,1,1
modB,1,1
yiaD,1,1
kbl_1,1,1
fhuA,1,1
group_5385,1,1
group_5386,1,1
viaA,1,1
empA,1,1
clsC,1,1
group_539,1,1
group_5390,1,1
group_5391,1,1
sctC_2,1,1
group_5395,1,1
group_5396,1,1
group_5397,1,1
cysA,1,1
yghU,1,1
lpdA,1,1
group_5400,1,1
group_5401,1,1
bepC_2,1,1
macB_1,1,1
tyrS_1,1,1
wzc,1,1
group_5408,1,1
group_5409,1,1
nadC,1,1
oadA_2,1,1
pctB_3,1,1
group_5415,1,1
trpC,1,1
rlhA,1,1
glpE_2,1,1
fhuB,1,1
group_542,1,1
group_5420,1,1
group_5421,1,1
group_5422,1,1
patZ,1,1
group_5424,1,1
pgcA,1,1
rhlE_7,1,1
group_5427,1,1
group_5428,1,1
group_5429,1,1
group_5430,1,1
cysS_1,1,1
group_5432,1,1
group_5433,1,1
epmB,1,1
group_5435,1,1
group_5436,1,1
group_5437,1,1
gsiA,1,1
group_5439,1,1
group_5440,1,1
mutL,1,1
group_5444,1,1
"endo I",1,1
group_5446,1,1
group_5447,1,1
acrB,1,1
macA_2,1,1
group_545,1,1
hupR1,1,1
group_5451,1,1
group_5452,1,1
lafU,1,1
group_5454,1,1
group_5455,1,1
nlpI,1,1
rhtB_2,1,1
xapA,1,1
group_546,1,1
group_5461,1,1
srmB_2,1,1
yqjG,1,1
yjeH,1,1
ribB,1,1
pal_9,1,1
group_5467,1,1
group_5468,1,1
group_5469,1,1
lifO,1,1
group_5470,1,1
group_5471,1,1
ytfP,1,1
yjjW,1,1
rcsC_2,1,1
group_5475,1,1
group_5476,1,1
yeiR,1,1
ygjV_2,1,1
ttrS_1,1,1
group_5481,1,1
gph_1,1,1
dpiB_2,1,1
prpC_1,1,1
group_5485,1,1
betB,1,1
group_5487,1,1
group_5488,1,1
mepA_3,1,1
group_549,1,1
tcyP,1,1
ansB,1,1
lhgD,1,1
group_5493,1,1
sgrR_2,1,1
ttrC,1,1
yihX,1,1
cysJ,1,1
nreC,1,1
napC_2,1,1
mlaA,1,1
pykA_2,1,1
rdgC,1,1
btuD_1,1,1
group_5504,1,1
bsrV_2,1,1
group_5509,1,1
group_551,1,1
group_5511,1,1
group_5512,1,1
sixA,1,1
ttrB,1,1
group_5515,1,1
czcA_1,1,1
dsbA_2,1,1
group_5519,1,1
yclP,1,1
arnT,1,1
group_5525,1,1
xerD_1,1,1
pgtC,1,1
lcfB,1,1
group_5529,1,1
ybdO,1,1
bepF_3,1,1
rhlE_4,1,1
sgrR_1,1,1
fabG_2,1,1
pckA,1,1
pncC_2,1,1
pulA,1,1
hutG_2,1,1
proC,1,1
group_5541,1,1
group_5543,1,1
rlmJ,1,1
bsrV_1,1,1
group_5547,1,1
kefG,1,1
putP,1,1
pcp,1,1
tamA,1,1
group_5551,1,1
aer_2,1,1
rodZ,1,1
dinG_3,1,1
group_5555,1,1
dmsA,1,1
group_5557,1,1
uhpB,1,1
group_5559,1,1
group_556,1,1
cntO_1,1,1
pcpR_2,1,1
pepF1,1,1
atpH_2,1,1
queG,1,1
group_5565,1,1
leuA_3,1,1
group_557,1,1
hisD,1,1
group_5573,1,1
cyoB,1,1
cefD,1,1
group_5576,1,1
group_558,1,1
pal_11,1,1
group_5583,1,1
group_5584,1,1
ppiC,1,1
group_5586,1,1
mcpQ,1,1
group_5588,1,1
dsbC,1,1
yliI,1,1
group_5590,1,1
thiM,1,1
group_5592,1,1
group_5593,1,1
fldB,1,1
group_5595,1,1
group_5596,1,1
group_5597,1,1
group_5598,1,1
cca,1,1
polA_4,1,1
group_560,1,1
mdtN,1,1
group_5601,1,1
malT_2,1,1
group_5603,1,1
acdA_2,1,1
gspK_4,1,1
group_5606,1,1
group_5607,1,1
xthA,1,1
zipA,1,1
group_561,1,1
betI,1,1
group_5611,1,1
oah1,1,1
ybaK_2,1,1
zntA_2,1,1
rlmD,1,1
group_5616,1,1
bdlA_1,1,1
ttgG,1,1
ytfJ_2,1,1
mepM_1,1,1
lsrG,1,1
ymdB_1,1,1
curA_1,1,1
group_5623,1,1
yqaB,1,1
group_5625,1,1
srpC,1,1
group_5627,1,1
group_5628,1,1
group_5629,1,1
group_563,1,1
hutX,1,1
group_5631,1,1
group_5632,1,1
yciI,1,1
group_5634,1,1
yedJ,1,1
tolC_2,1,1
group_5637,1,1
yknY_1,1,1
group_5639,1,1
group_564,1,1
iutA,1,1
benM,1,1
group_5642,1,1
gcvA_2,1,1
modF,1,1
group_5645,1,1
rpmE2,1,1
luxM,1,1
ctaE,1,1
ubiH,1,1
group_565,1,1
group_5650,1,1
hslU,1,1
group_5652,1,1
modC,1,1
group_5654,1,1
cpdB,1,1
group_5656,1,1
group_5657,1,1
lolE,1,1
ygiC,1,1
group_566,1,1
group_5660,1,1
mtgA,1,1
group_5662,1,1
dsbA_1,1,1
group_5664,1,1
group_5665,1,1
recC,1,1
group_5667,1,1
group_5668,1,1
group_5669,1,1
group_567,1,1
group_5670,1,1
group_5671,1,1
ybhK,1,1
group_5673,1,1
mtlA_2,1,1
group_5675,1,1
smc_1,1,1
group_5677,1,1
maa_2,1,1
phrA,1,1
group_568,1,1
ydaF_1,1,1
group_5681,1,1
group_5682,1,1
moeB,1,1
licH_1,1,1
menE_2,1,1
hxuC,1,1
ebgA,1,1
selO,1,1
group_5689,1,1
lipA,1,1
rhaS_6,1,1
group_5691,1,1
acpH,1,1
group_5693,1,1
treA,1,1
sspA_2,1,1
group_5696,1,1
uxuA,1,1
yidZ_3,1,1
group_5699,1,1
glyA,1,1
group_5700,1,1
group_5701,1,1
oadG,1,1
nemA_1,1,1
group_5704,1,1
group_5705,1,1
nagE_1,1,1
group_5707,1,1
yeeZ,1,1
group_5709,1,1
group_571,1,1
hdfR_3,1,1
dtd3,1,1
yqhD,1,1
cyoC,1,1
group_5714,1,1
slyA_3,1,1
group_5716,1,1
group_5717,1,1
group_5718,1,1
group_5719,1,1
rplB,1,1
btuE,1,1
group_5721,1,1
group_5722,1,1
group_5723,1,1
group_5724,1,1
group_5725,1,1
group_5726,1,1
sasA_1,1,1
group_5728,1,1
group_5729,1,1
rpsC,1,1
group_5730,1,1
cpoB,1,1
nfo,1,1
group_5733,1,1
tag,1,1
thiK,1,1
ctaG,1,1
cobP,1,1
eltD_1,1,1
group_5739,1,1
trmO,1,1
moaE,1,1
dmsD,1,1
group_5743,1,1
acdA_1,1,1
ttrS_2,1,1
mdtG,1,1
group_5747,1,1
group_5748,1,1
cynR_1,1,1
outO,1,1
group_5751,1,1
group_5752,1,1
group_5753,1,1
yafP,1,1
group_5755,1,1
group_5756,1,1
ccpA,1,1
group_5758,1,1
group_5759,1,1
cadA,1,1
group_5760,1,1
group_5761,1,1
cntO_2,1,1
trpA,1,1
macB_4,1,1
surE,1,1
group_5768,1,1
uxaC,1,1
dxs,1,1
ampD,1,1
group_5771,1,1
group_5772,1,1
tyrA_2,1,1
group_5774,1,1
group_5775,1,1
rcsC_6,1,1
group_5777,1,1
katB,1,1
mdtA_7,1,1
group_578,1,1
gabR,1,1
lemA,1,1
group_5782,1,1
group_5783,1,1
rluA,1,1
yhhT,1,1
group_5786,1,1
group_5787,1,1
yidZ_4,1,1
cmpC,1,1
luxU,1,1
glpE_1,1,1
group_5791,1,1
group_5792,1,1
rhaR_6,1,1
cobT,1,1
group_5795,1,1
mcpH_1,1,1
flaD_2,1,1
group_5798,1,1
group_5799,1,1
group_580,1,1
group_5800,1,1
group_5801,1,1
group_5802,1,1
copA_2,1,1
group_5804,1,1
rhaS_8,1,1
group_5806,1,1
group_5807,1,1
menH_2,1,1
group_5809,1,1
group_5810,1,1
mnmC,1,1
group_5812,1,1
group_5813,1,1
cysK_2,1,1
group_5815,1,1
mdtJ,1,1
glpG_2,1,1
group_5818,1,1
group_5819,1,1
group_5820,1,1
ubiX_2,1,1
group_5822,1,1
group_5823,1,1
group_5824,1,1
yjjV,1,1
group_5826,1,1
group_5827,1,1
pdhA,1,1
inhA,1,1
nimR_1,1,1
rhaS_1,1,1
dinG_1,1,1
rhaS_7,1,1
group_5833,1,1
sigE_1,1,1
etfB,1,1
group_5836,1,1
group_5837,1,1
glcB,1,1
group_5839,1,1
yiiM,1,1
group_5840,1,1
group_5841,1,1
kdgK_1,1,1
chuR_1,1,1
group_5844,1,1
ubiB_1,1,1
lpxL_1,1,1
puuB_1,1,1
opuAA,1,1
group_5849,1,1
rhlE_6,1,1
anmK,1,1
viuB,1,1
group_5852,1,1
group_5853,1,1
group_5854,1,1
group_5855,1,1
group_5856,1,1
mmsA_3,1,1
trmH,1,1
group_5859,1,1
group_586,1,1
group_5860,1,1
pgl_2,1,1
thiB,1,1
group_5863,1,1
group_5864,1,1
dmlR_4,1,1
group_5866,1,1
yfiH,1,1
group_5868,1,1
thlA_2,1,1
group_587,1,1
group_5870,1,1
group_5871,1,1
group_5872,1,1
group_5873,1,1
srmB_1,1,1
group_5875,1,1
paaF_3,1,1
group_5877,1,1
kdpD,1,1
aaeA_2,1,1
dksA,1,1
yceM,1,1
group_5881,1,1
ssuB,1,1
group_5885,1,1
cusS_2,1,1
trpI,1,1
group_5888,1,1
group_5889,1,1
sdaA,1,1
group_5892,1,1
group_5893,1,1
ribX,1,1
group_5895,1,1
arpC,1,1
group_5897,1,1
malZ,1,1
group_5899,1,1
gor,1,1
mepM_2,1,1
group_5900,1,1
group_5901,1,1
chrR,1,1
group_5903,1,1
group_5904,1,1
mshA_2,1,1
group_5906,1,1
mutM,1,1
paaF_1,1,1
group_5909,1,1
group_591,1,1
group_5910,1,1
hdfR_7,1,1
group_5912,1,1
mshA_1,1,1
cobB,1,1
group_5915,1,1
group_5916,1,1
phnW,1,1
group_5918,1,1
group_5919,1,1
futA1,1,1
ggt,1,1
group_5921,1,1
yidA,1,1
group_5923,1,1
treB,1,1
gcdB,1,1
ygfZ,1,1
group_5927,1,1
azoR,1,1
kdpE,1,1
group_593,1,1
dsdC,1,1
menD,1,1
group_5932,1,1
group_5933,1,1
group_5934,1,1
trmB,1,1
licC,1,1
deaA,1,1
fabG_4,1,1
dmlR_9,1,1
group_601,1,1
rnk,1,1
group_603,1,1
group_604,1,1
sgrR_3,1,1
group_606,1,1
nrdD,1,1
group_608,1,1
hemW,1,1
glsA2,1,1
pctB_4,1,1
leuO_2,1,1
group_613,1,1
group_614,1,1
cydB,1,1
rseC,1,1
pdxJ,1,1
hemY,1,1
hflX,1,1
dctM_3,1,1
group_623,1,1
group_624,1,1
group_625,1,1
ycgL,1,1
thyA_2,1,1
group_628,1,1
mdtK,1,1
fieF,1,1
group_631,1,1
group_632,1,1
trmA,1,1
dinF,1,1
hisS,1,1
slt,1,1
dedD,1,1
cvpA,1,1
group_641,1,1
group_642,1,1
group_643,1,1
trmR,1,1
lpxH,1,1
tolQ_1,1,1
group_647,1,1
glnB_1,1,1
uup_1,1,1
pepN_2,1,1
pse4,1,1
kdkA,1,1
cgtA,1,1
panP,1,1
ftsH,1,1
group_655,1,1
yxeN,1,1
rpe,1,1
alsT_2,1,1
yaaA,1,1
group_660,1,1
cry1,1,1
phrB,1,1
group_663,1,1
group_664,1,1
metE,1,1
nucA,1,1
group_667,1,1
ubiD,1,1
yigB,1,1
group_670,1,1
slmA,1,1
group_672,1,1
group_673,1,1
plsY,1,1
group_675,1,1
ackA_2,1,1
dnaN,1,1
hemA,1,1
nadB,1,1
slyA_2,1,1
uxaC_2,1,1
group_683,1,1
group_684,1,1
cpg2,1,1
group_686,1,1
group_687,1,1
iaaA,1,1
petA,1,1
petC,1,1
nadE,1,1
hmp_1,1,1
group_693,1,1
yheS,1,1
group_695,1,1
group_696,1,1
dctM_2,1,1
metR,1,1
yknY_3,1,1
group_700,1,1
group_701,1,1
group_702,1,1
COQ5,1,1
resA,1,1
dmlR_11,1,1
ihfB,1,1
group_707,1,1
arcB,1,1
thrB,1,1
ubiG,1,1
nrfA,1,1
ccmF_1,1,1
group_713,1,1
flaD_5,1,1
tolQ_4,1,1
group_716,1,1
uspE,1,1
group_722,1,1
group_723,1,1
aspS,1,1
parC,1,1
degS,1,1
yhdY,1,1
ribE,1,1
group_729,1,1
edd_2,1,1
ppiD,1,1
kce,1,1
group_732,1,1
group_733,1,1
group_734,1,1
rnb,1,1
accA,1,1
cdsA,1,1
pyrH,1,1
panE,1,1
csdE,1,1
galE_2,1,1
ebgC,1,1
group_745,1,1
fusA_4,1,1
group_747,1,1
hupA,1,1
dsdA,1,1
cydD,1,1
group_751,1,1
group_752,1,1
group_753,1,1
trxB,1,1
pncB,1,1
fbaA,1,1
uvrC,1,1
plsX,1,1
ftsN,1,1
putA_2,1,1
cyoE,1,1
group_761,1,1
artP,1,1
group_763,1,1
group_764,1,1
yclN,1,1
yclO,1,1
rplN,1,1
slp,1,1
znuA,1,1
pdeL,1,1
seqA,1,1
group_771,1,1
btuB_3,1,1
group_773,1,1
group_774,1,1
group_775,1,1
mltC,1,1
group_777,1,1
group_778,1,1
group_779,1,1
napF_2,1,1
oppC_3,1,1
group_782,1,1
aldH,1,1
cobS,1,1
pdeD_1,1,1
queD,1,1
group_787,1,1
elaA,1,1
group_789,1,1
group_790,1,1
group_791,1,1
group_792,1,1
ispB,1,1
ybeZ,1,1
corC,1,1
group_796,1,1
group_797,1,1
pcnB,1,1
hmuT,1,1
group_800,1,1
fliY,1,1
group_802,1,1
group_803,1,1
group_804,1,1
group_805,1,1
group_806,1,1
group_807,1,1
fan1,1,1
chuR_3,1,1
fklB,1,1
group_810,1,1
group_811,1,1
group_812,1,1
yciK,1,1
cheB_2,1,1
group_815,1,1
potD_4,1,1
lysC,1,1
group_818,1,1
group_819,1,1
fabF_6,1,1
gspK_2,1,1
group_9,1,1
ydhC_4,1,1
group_92,1,1
group_95,1,1
group_98,1,1
group_10,1,0
group_100,0,1
group_1000,1,0
leuC_1,1,0
murJ_1,1,0
gltA_1,1,0
group_1004,1,0
group_1005,1,0
cysB_1,1,0
fadE_1,1,0
group_1008,1,0
zapE,1,0
group_1010,1,0
group_1011,1,0
group_1012,1,0
group_1013,1,0
group_1014,1,0
yhgF_2,1,0
purR_1,1,0
group_1017,1,0
group_1018,1,0
group_1019,1,0
group_102,0,1
group_1020,1,0
purE_1,1,0
group_1022,1,0
group_1023,1,0
cpxA_1,1,0
gshB_1,1,0
ptxB,1,0
group_1027,1,0
rsmH_1,1,0
group_1029,1,0
group_103,1,0
group_1030,1,0
group_1031,1,0
ogl_1,1,0
group_1033,1,0
group_1034,1,0
group_1035,1,0
group_1036,1,0
group_1037,1,0
fabZ_1,1,0
group_1039,1,0
group_104,1,0
group_1040,1,0
gfcB,1,0
group_1042,1,0
group_1043,1,0
hldD,1,0
group_1045,1,0
rfaF,1,0
group_1047,1,0
group_1048,1,0
group_1049,1,0
group_105,1,0
group_1050,1,0
group_1051,1,0
yafV,1,0
fadD_1,1,0
group_1054,1,0
group_1055,1,0
group_1056,1,0
aceE_1,1,0
group_1058,1,0
accD_1,1,0
group_1060,1,0
dnaX,1,0
rhaR_1,1,0
group_1063,1,0
group_1064,1,0
group_1065,1,0
group_1066,1,0
group_1067,1,0
group_1068,1,0
group_1069,1,0
gltT,1,0
group_1070,1,0
group_1071,1,0
sdhC_1,1,0
group_1073,1,0
group_1074,1,0
yscL_1,1,0
group_1076,1,0
ycfH_1,1,0
group_1078,1,0
rapA_1,1,0
gltP_3,1,0
group_1080,1,0
sstT_1,1,0
fryB,1,0
purM_1,1,0
group_1084,1,0
group_1085,1,0
htpG_1,1,0
"endo I_1",1,0
group_1088,1,0
pstB3_1,1,0
chbP_2,1,0
group_1091,1,0
group_1092,1,0
rpoC_1,1,0
rlmF_1,1,0
group_1095,1,0
group_1096,1,0
group_1097,1,0
group_1098,1,0
group_1099,1,0
group_11,1,0
metH_1,1,0
murJ_2,1,0
group_1101,1,0
group_1102,1,0
hflC_1,1,0
ahpF_1,1,0
group_1105,1,0
group_1106,1,0
mlaA_1,1,0
group_1108,1,0
mdh_1,1,0
metH_2,1,0
group_1110,1,0
gcvP_1,1,0
rarD_1,1,0
group_1113,1,0
group_1114,1,0
group_1115,1,0
group_1116,1,0
group_1117,1,0
folP_1,1,0
dhaK_1,1,0
metH_4,1,0
metH_3,1,0
group_1121,1,0
group_1122,1,0
group_1123,1,0
group_1124,1,0
bar,1,0
group_1126,1,0
group_1127,1,0
group_1128,1,0
relE,1,0
leuB_1,1,0
group_1130,1,0
group_1131,1,0
group_1132,1,0
group_1133,1,0
group_1134,1,0
group_1135,1,0
group_1136,1,0
group_1137,1,0
group_1138,1,0
rutB,1,0
group_1140,1,0
group_1141,1,0
group_1142,1,0
group_1143,1,0
group_1144,1,0
group_1145,1,0
group_1146,1,0
group_1147,1,0
group_1148,1,0
group_1149,1,0
fabD_1,1,0
group_1150,1,0
group_1151,1,0
group_1152,1,0
group_1153,1,0
group_1154,1,0
group_1155,1,0
group_1156,1,0
group_1157,1,0
group_1158,1,0
group_1159,1,0
group_1160,1,0
group_1161,1,0
group_1162,1,0
group_1163,1,0
group_1164,1,0
ypeA,1,0
satP_2,1,0
group_1167,1,0
group_1168,1,0
group_1169,1,0
group_117,1,0
smpB_2,1,0
smpB_3,1,0
group_1172,1,0
mggB,1,0
group_1174,1,0
group_1175,1,0
group_1176,1,0
group_1177,1,0
group_1178,1,0
group_1179,1,0
group_1180,1,0
group_1181,1,0
group_1182,1,0
group_1183,1,0
group_1184,1,0
group_1185,1,0
group_1186,1,0
gmuC,1,0
group_1188,1,0
group_1189,1,0
group_119,1,0
group_1190,1,0
group_1191,1,0
chbA_1,1,0
bglA,1,0
group_1194,1,0
group_1195,1,0
rhaB,1,0
rhaA,1,0
rhaD,1,0
fucO,1,0
group_12,1,0
group_1200,1,0
yvgN,1,0
group_1202,1,0
group_1203,1,0
group_1204,1,0
group_1205,1,0
rcnR,1,0
group_1207,1,0
group_1208,1,0
group_1209,1,0
group_121,1,0
group_1210,1,0
paaK,1,0
group_1212,1,0
group_1213,1,0
gltS_3,1,0
group_1215,1,0
group_1216,1,0
group_1217,1,0
group_1218,1,0
group_1219,1,0
group_122,1,0
per,1,0
group_1221,1,0
group_1222,1,0
epsL_1,1,0
group_1224,1,0
rfbC,1,0
group_1226,1,0
group_1227,1,0
group_1228,1,0
group_1229,1,0
group_123,1,0
rfbD,1,0
rffH,1,0
rfbB_1,1,0
group_1233,1,0
group_1234,1,0
group_1235,1,0
group_1236,1,0
group_1237,1,0
group_1238,1,0
group_1239,1,0
group_124,1,0
group_1240,1,0
group_1241,1,0
group_1242,1,0
group_1243,1,0
group_1244,1,0
group_1245,1,0
eno_1,1,0
group_1247,1,0
group_1248,1,0
group_1249,1,0
ispG_1,1,0
tdhA,1,0
group_1252,1,0
group_1253,1,0
group_1254,1,0
pqiB_1,1,0
ald_2,1,0
group_1257,1,0
ybfF,1,0
clpB_1,1,0
group_126,1,0
group_1260,1,0
group_1261,1,0
group_1262,1,0
xerC_1,1,0
group_1264,1,0
group_1265,1,0
group_1266,1,0
group_1267,1,0
group_1268,1,0
group_1269,1,0
group_1270,1,0
group_1271,1,0
group_1272,1,0
ygjV_3,1,0
group_1274,1,0
hscA_1,1,0
mexB_1,1,0
thyA_1,1,0
group_1278,1,0
group_1279,1,0
group_128,1,0
group_1280,1,0
nasA_2,1,0
nhaR_1,1,0
group_1283,1,0
group_1284,1,0
group_1285,1,0
cysE_1,1,0
group_1287,1,0
group_1288,1,0
group_1289,1,0
group_129,1,0
group_1290,1,0
priA_2,1,0
ectA_2,1,0
group_1293,1,0
fni_2,1,0
ompR_2,1,0
araB_2,1,0
araB_3,1,0
cysD_1,1,0
group_1299,1,0
group_13,1,0
group_130,1,0
group_1300,1,0
group_1301,1,0
ktrB_2,1,0
group_1303,1,0
group_1304,1,0
rbsK_2,1,0
group_1306,1,0
ygjK_2,1,0
ymdB_2,1,0
group_1309,1,0
group_131,1,0
group_1310,1,0
nrdB_1,1,0
group_1312,1,0
group_1313,1,0
group_1314,1,0
group_1315,1,0
rnhA,1,0
group_1317,1,0
group_1318,1,0
group_1319,1,0
group_1320,1,0
mgtE_3,1,0
pmbA_3,1,0
bepA_1,1,0
group_1324,1,0
cugP,1,0
epsM_1,1,0
legI,1,0
legG,1,0
pglE,1,0
group_133,1,0
pglF_2,1,0
group_1331,1,0
cph2,1,0
group_1333,1,0
group_1334,1,0
group_1335,1,0
ydhF_2,1,0
group_1337,1,0
group_1338,1,0
eltD_2,1,0
fadE_3,1,0
group_1341,1,0
yciB,1,0
group_1343,1,0
ptrB_3,1,0
ygdG,1,0
ung_2,1,0
gpmI_1,1,0
tpiA_2,1,0
tpiA_3,1,0
group_1350,1,0
group_1351,1,0
group_1352,1,0
group_1353,1,0
group_1354,1,0
group_1355,1,0
group_1356,1,0
ppc_2,1,0
group_1358,1,0
group_1359,1,0
prfA_2,1,0
group_1360,1,0
alr1_1,1,0
group_1362,1,0
dcuA_1,1,0
group_1364,1,0
group_1365,1,0
group_1366,1,0
group_1367,1,0
group_1368,1,0
group_1369,1,0
group_137,1,0
group_1370,1,0
group_1371,1,0
group_1372,1,0
group_1373,1,0
group_1374,1,0
group_1375,1,0
group_1376,1,0
group_1377,1,0
group_1378,1,0
group_1379,1,0
licH_3,1,0
group_1380,1,0
group_1381,1,0
group_1382,1,0
dnaE2_2,1,0
group_1384,1,0
proQ,1,0
xerD_3,1,0
group_1387,1,0
kbl_2,1,0
group_1389,1,0
group_139,1,0
plsB_2,1,0
group_1391,1,0
group_1392,1,0
minE,1,0
minD,1,0
group_1395,1,0
argE_2,1,0
group_1397,1,0
wbgU,1,0
dctP_2,1,0
group_14,1,0
mtlD_1,1,0
lhgD_2,1,0
amiC,1,0
tsaE_1,1,0
group_1403,1,0
group_1404,1,0
curA_2,1,0
group_1406,1,0
queF_2,1,0
ubiX_1,1,0
pucG_4,1,0
group_1410,1,0
group_1411,1,0
yibH,1,0
group_1413,1,0
group_1414,1,0
group_1415,1,0
group_1416,1,0
group_1417,1,0
group_1418,1,0
group_1419,1,0
group_1420,1,0
group_1421,1,0
group_1422,1,0
group_1423,1,0
group_1424,1,0
group_1425,1,0
group_1426,1,0
group_1427,1,0
group_1428,1,0
group_1429,1,0
ptsI_2,1,0
group_1430,1,0
group_1431,1,0
group_1432,1,0
atpF_2,1,0
murE_2,1,0
ydiK_4,1,0
ihfA_2,1,0
hslV_1,1,0
group_1438,1,0
group_1439,1,0
group_144,1,0
group_1440,1,0
group_1441,1,0
group_1442,1,0
group_1443,1,0
dps2,1,0
bamA_2,1,0
group_1446,1,0
rnfH_1,1,0
group_1448,1,0
group_1449,1,0
group_145,1,0
group_1450,1,0
group_1451,1,0
radA_1,1,0
group_1453,1,0
group_1454,1,0
group_1455,1,0
fliI_3,1,0
group_1457,1,0
group_1458,1,0
group_1459,1,0
group_146,1,0
group_1460,1,0
group_1461,1,0
group_1462,1,0
group_1463,1,0
group_1464,1,0
group_1465,1,0
group_1466,1,0
group_1467,1,0
nit1_2,1,0
group_1469,1,0
group_147,1,0
intA_4,1,0
sucA_1,1,0
aceE_3,1,0
holC_2,1,0
group_1474,1,0
group_1475,1,0
group_1476,1,0
yidZ_5,1,0
group_1478,1,0
group_1479,1,0
group_1480,1,0
group_1481,1,0
group_1482,1,0
group_1483,1,0
group_1484,1,0
menE_3,1,0
gph_7,1,0
cysS_2,1,0
yedJ_2,1,0
group_1489,1,0
group_1490,1,0
der_2,1,0
group_1492,1,0
ynjF_2,1,0
group_1494,1,0
ecfG,1,0
livH_2,1,0
group_1497,1,0
group_1498,1,0
group_1499,1,0
group_15,1,0
norR_1,1,0
group_1500,1,0
group_1501,1,0
group_1502,1,0
group_1503,1,0
group_1504,1,0
group_1505,1,0
group_1506,1,0
mtrA,1,0
sodA_2,1,0
kefC_3,1,0
menB_1,1,0
psaA,1,0
coaE_2,1,0
group_1512,1,0
group_1513,1,0
dnaQ_2,1,0
group_1515,1,0
oppC_2,1,0
srkA_2,1,0
yihG_2,1,0
group_1519,1,0
scpB,1,0
group_1520,1,0
gdhB_2,1,0
group_1522,1,0
ynjB_2,1,0
group_1524,1,0
metN_2,1,0
aaeA_4,1,0
group_1527,1,0
group_1528,1,0
flgH_3,1,0
menB_4,1,0
group_1530,1,0
group_1531,1,0
group_1532,1,0
group_1533,1,0
group_1534,1,0
nadD,0,1
group_1536,0,1
group_1537,0,1
group_1538,0,1
hmuV,0,1
liuE_1,1,0
hmuU,0,1
group_1541,0,1
group_1542,0,1
katG_1,0,1
group_1544,0,1
cmk,0,1
group_1546,0,1
accA1,0,1
group_1548,0,1
group_1549,0,1
rfnT,0,1
group_1551,0,1
group_1552,0,1
group_1553,0,1
group_1554,0,1
group_1555,0,1
group_1556,0,1
group_1557,0,1
group_1558,0,1
group_1559,0,1
group_156,1,0
group_1560,0,1
imm,0,1
group_1562,0,1
recD2,0,1
group_1564,0,1
group_1565,0,1
group_1566,0,1
group_1567,0,1
yyaP,0,1
group_1569,0,1
group_157,1,0
group_1570,0,1
group_1571,0,1
group_1572,0,1
group_1573,0,1
group_1574,0,1
group_1575,0,1
group_1576,0,1
group_1577,0,1
yiaW,0,1
group_1579,0,1
group_158,1,0
group_1580,0,1
group_1581,0,1
group_1582,0,1
group_1583,0,1
group_1584,0,1
group_1585,0,1
group_1586,0,1
group_1587,0,1
group_1588,0,1
kdgM,0,1
birA_1,1,0
group_1590,0,1
group_1591,0,1
group_1592,0,1
group_1593,0,1
speB,0,1
group_1595,0,1
group_1596,0,1
dmlR_7,0,1
yjjG,0,1
group_1599,0,1
group_16,1,0
group_1600,0,1
ytfJ_1,0,1
cah_2,0,1
fadL_1,0,1
group_1604,0,1
group_1605,0,1
group_1606,0,1
group_1607,0,1
cntI_1,0,1
group_1609,0,1
epsD_1,1,0
phnR_2,0,1
group_1611,0,1
nimR_2,0,1
yscG,0,1
group_1614,0,1
group_1615,0,1
group_1616,0,1
group_1617,0,1
group_1618,0,1
group_1619,0,1
epsD_2,1,0
group_1620,0,1
group_1621,0,1
group_1622,0,1
csaA,0,1
group_1624,0,1
group_1625,0,1
group_1626,0,1
group_1627,0,1
group_1628,0,1
group_1629,0,1
epsD,0,1
group_1630,0,1
group_1631,0,1
group_1632,0,1
group_1633,0,1
group_1634,0,1
group_1635,0,1
group_1636,0,1
group_1637,0,1
group_1638,0,1
group_1639,0,1
group_164,1,0
group_1640,0,1
group_1641,0,1
group_1642,0,1
group_1643,0,1
group_1644,0,1
group_1645,0,1
group_1646,0,1
group_1647,0,1
group_1648,0,1
group_1649,0,1
group_1650,0,1
group_1651,0,1
group_1652,0,1
group_1653,0,1
cspG_1,0,1
rnr_1,0,1
group_1656,0,1
group_1657,0,1
group_1658,0,1
group_1659,0,1
group_166,1,0
group_1660,0,1
group_1661,0,1
group_1662,0,1
group_1663,0,1
group_1664,0,1
group_1665,0,1
group_1666,0,1
nspC,0,1
group_1668,0,1
group_1669,0,1
rnt,0,1
group_1671,0,1
group_1672,0,1
nth,0,1
rnfE,0,1
rnfG,0,1
rnfD,0,1
group_1677,0,1
rnfB,0,1
rnfA,0,1
metG,0,1
fabH1,0,1
dctQ,0,1
dctD_3,0,1
group_1684,0,1
group_1685,0,1
pilQ_1,0,1
pilQ_2,0,1
aroB,0,1
damX_1,0,1
group_169,1,0
dam,0,1
rplI,0,1
group_1692,0,1
group_1693,0,1
acyP,0,1
tusE,0,1
group_1696,0,1
yccA,0,1
group_1698,0,1
group_1699,0,1
group_17,1,0
group_170,1,0
murI,0,1
group_1701,0,1
group_1702,0,1
group_1703,0,1
group_1704,0,1
group_1705,0,1
group_1706,0,1
group_1707,0,1
celA,0,1
group_1709,0,1
ybaK_1,0,1
lolB,0,1
ispE,0,1
cpdA,0,1
ubiF,0,1
mrdA,0,1
aroQ1,0,1
group_1717,0,1
rpoH,0,1
ftsE,0,1
pilA,0,1
yadH,0,1
gluQ,0,1
amtB_1,0,1
group_1724,0,1
dacB,0,1
ompU_1,0,1
greA,0,1
yhbY,0,1
rlmE,0,1
group_173,1,0
glmM_1,0,1
gabD_2,0,1
mcpP_2,0,1
group_1733,0,1
mutY,0,1
rdgB,0,1
group_1736,0,1
pgk,0,1
argO,0,1
argP_2,0,1
group_174,1,0
ygfA,0,1
zapA,0,1
rseA,0,1
rseB,0,1
recO,0,1
mazG,0,1
group_1746,0,1
group_1747,0,1
group_1748,0,1
group_1749,0,1
smc_2,0,1
group_1751,0,1
group_1752,0,1
group_1753,0,1
group_1754,0,1
group_1755,0,1
group_1756,0,1
group_1757,0,1
xerC_2,0,1
hutG_1,0,1
pabB_1,1,0
group_1760,0,1
group_1761,0,1
group_1762,0,1
group_1763,0,1
group_1764,0,1
group_1765,0,1
pal_3,0,1
norR_2,0,1
clpV1_2,0,1
hcpA,0,1
group_1770,0,1
group_1771,0,1
group_1772,0,1
group_1773,0,1
group_1774,0,1
group_1775,0,1
group_1776,0,1
group_1777,0,1
group_1778,0,1
group_1779,0,1
dat,1,0
group_1780,0,1
group_1781,0,1
group_1782,0,1
group_1783,0,1
group_1784,0,1
group_1785,0,1
group_1786,0,1
group_1787,0,1
group_1788,0,1
group_1789,0,1
ddc,1,0
group_1790,0,1
group_1791,0,1
group_1792,0,1
group_1793,0,1
group_1794,0,1
group_1795,0,1
group_1796,0,1
group_1797,0,1
ribC,0,1
ydcV_2,0,1
group_18,1,0
argD,0,1
fnr,0,1
group_1801,0,1
group_1802,0,1
group_1803,0,1
group_1804,0,1
group_1805,0,1
group_1806,0,1
group_1807,0,1
group_1808,0,1
group_1809,0,1
psd_1,1,0
group_1810,0,1
group_1811,0,1
group_1812,0,1
group_1813,0,1
group_1814,0,1
group_1815,0,1
group_1816,0,1
group_1817,0,1
fabA,0,1
rmf,0,1
group_1820,0,1
group_1821,0,1
group_1822,0,1
group_1823,0,1
group_1824,0,1
group_1825,0,1
group_1826,0,1
group_1827,0,1
group_1828,0,1
group_1829,0,1
por_1,1,0
group_1830,0,1
group_1831,0,1
moaA_2,0,1
group_1833,0,1
group_1834,0,1
group_1835,0,1
group_1836,0,1
group_1837,0,1
group_1838,0,1
group_1839,0,1
group_1840,0,1
group_1841,0,1
group_1842,0,1
group_1843,0,1
group_1844,0,1
group_1845,0,1
group_1846,0,1
group_1847,0,1
group_1848,0,1
group_1849,0,1
rpsA_1,1,0
group_1850,0,1
group_1851,0,1
group_1852,0,1
group_1853,0,1
group_1854,0,1
group_1855,0,1
group_1856,0,1
group_1857,0,1
group_1858,0,1
group_1859,0,1
group_1860,0,1
group_1861,0,1
group_1862,0,1
group_1863,0,1
group_1864,0,1
tmk_2,0,1
group_1866,0,1
group_1867,0,1
group_1868,0,1
group_1869,0,1
group_187,1,0
group_1870,0,1
group_1871,0,1
group_1872,0,1
xni,0,1
group_1874,0,1
group_1875,0,1
group_1876,0,1
group_1877,0,1
group_1878,0,1
group_1879,0,1
group_1880,0,1
group_1881,0,1
group_1882,0,1
group_1883,0,1
group_1884,0,1
group_1885,0,1
group_1886,0,1
group_1887,0,1
group_1888,0,1
group_1889,0,1
ybjL,1,0
holA,0,1
petB,0,1
group_1892,0,1
tsaB,0,1
yoaA,0,1
purU,0,1
yecM,0,1
group_1897,0,1
fldA,0,1
group_1899,0,1
bamA_1,1,0
fur,0,1
cysZ,0,1
cysK_1,0,1
ptsH,0,1
group_1904,0,1
ptsI,0,1
group_1906,0,1
group_1907,0,1
group_1908,0,1
cadC,0,1
group_191,1,0
group_1910,0,1
group_1911,0,1
group_1912,0,1
group_1913,0,1
group_1914,0,1
group_1915,0,1
group_1916,0,1
group_1917,0,1
group_1918,0,1
group_1919,0,1
gap3_1,1,0
rplJ,0,1
rplA,0,1
rplK,0,1
nusG,0,1
secE,0,1
group_1925,0,1
group_1926,0,1
group_1927,0,1
group_1928,0,1
coaBC,0,1
gap3_3,1,0
group_1930,0,1
rffG,0,1
group_1932,0,1
fdtA,0,1
group_1934,0,1
fdtB,0,1
group_1936,0,1
group_1937,0,1
group_1938,0,1
group_1939,0,1
deaD_1,1,0
group_1940,0,1
dprE1,0,1
group_1942,0,1
group_1943,0,1
waaA,0,1
wbnK,0,1
group_1946,0,1
group_1947,0,1
lpxM,0,1
group_1949,0,1
group_1950,0,1
group_1951,0,1
group_1952,0,1
group_1953,0,1
group_1954,0,1
group_1955,0,1
group_1956,0,1
group_1957,0,1
group_1958,0,1
group_1959,0,1
hemX,1,0
group_1960,0,1
group_1961,0,1
group_1962,0,1
group_1963,0,1
gmd,0,1
fcl,0,1
gmm,0,1
manC1,0,1
glmM_2,0,1
manA_4,0,1
group_197,1,0
wbbD,0,1
group_1971,0,1
ugd,0,1
group_1973,0,1
group_1974,0,1
group_1975,0,1
group_1976,0,1
group_1977,0,1
group_1978,0,1
group_1979,0,1
group_198,0,1
group_1980,0,1
group_1981,0,1
zapB,0,1
group_1983,0,1
group_1984,0,1
group_1985,0,1
group_1986,0,1
group_1987,0,1
group_1988,0,1
group_1989,0,1
group_199,1,0
cytR,0,1
rplR,0,1
rpsE,0,1
rpmD,0,1
rplO,0,1
secY,0,1
rpmJ,0,1
rpsM,0,1
group_1998,0,1
rplU,0,1
group_2,1,0
group_20,0,1
group_2000,0,1
group_2001,0,1
group_2002,0,1
group_2003,0,1
group_2004,0,1
group_2005,0,1
group_2006,0,1
group_2007,0,1
group_2008,0,1
group_2009,0,1
group_2010,0,1
group_2011,0,1
group_2012,0,1
group_2013,0,1
dpnA,0,1
group_2015,0,1
group_2016,0,1
group_2017,0,1
group_2018,0,1
group_2019,0,1
mscS_2,1,0
hipA,0,1
group_2021,0,1
catD,0,1
uppP,0,1
sodB,0,1
grxD,0,1
group_2026,0,1
group_2027,0,1
group_2028,0,1
group_2029,0,1
group_2030,0,1
cueR_1,0,1
group_2032,0,1
group_2033,0,1
group_2034,0,1
yieH,0,1
group_2036,0,1
yceJ,0,1
yceI,0,1
cysL,0,1
nhaP2_3,1,0
ycdZ,0,1
group_2041,0,1
group_2042,0,1
group_2043,0,1
group_2044,0,1
group_2045,0,1
group_2046,0,1
group_2047,0,1
group_2048,0,1
tsdA,0,1
leuS_1,1,0
group_2050,0,1
group_2051,0,1
group_2052,0,1
luxN,0,1
polB,0,1
uvrY,0,1
group_2056,0,1
mdtL_3,0,1
group_2058,0,1
group_2059,0,1
infA,0,1
group_2061,0,1
ybgC,0,1
group_2063,0,1
xerC_4,0,1
group_2065,0,1
group_2066,0,1
group_2067,0,1
group_2068,0,1
group_2069,0,1
yebS_1,1,0
group_2070,0,1
group_2071,0,1
group_2072,0,1
group_2073,0,1
group_2074,0,1
serS,0,1
group_2076,0,1
ybiI,0,1
bioA,0,1
group_2079,0,1
fetB,0,1
mprA_2,0,1
group_2082,0,1
lysO,0,1
group_2084,0,1
sufS,0,1
group_2086,0,1
tsx,0,1
group_2088,0,1
group_2089,0,1
cadB_1,1,0
group_2090,0,1
glnD,0,1
group_2092,0,1
rnhA_2,0,1
groS_2,0,1
miaA,0,1
hfq,0,1
tusB,0,1
rpsL,0,1
metJ,0,1
dsbD_1,1,0
group_2100,0,1
group_2101,0,1
group_2102,0,1
group_2103,0,1
yxeM,0,1
dnaA,0,1
group_2106,0,1
rlpA,0,1
dacA_3,0,1
group_2109,0,1
group_211,1,0
lipB,0,1
group_2111,0,1
group_2112,0,1
arcA_2,0,1
group_2114,0,1
thrA,0,1
group_2116,0,1
lgt,0,1
rpsT,0,1
trpR,0,1
iscU,0,1
iscA,0,1
group_2122,0,1
group_2123,0,1
group_2124,0,1
gcvA_6,0,1
group_2126,0,1
group_2127,0,1
group_2128,0,1
proB,0,1
rarA_1,1,0
proA,0,1
nrdR,0,1
group_2132,0,1
ribBA,0,1
ribH,0,1
pgpA,0,1
pomA,0,1
group_2137,0,1
group_215,1,0
ispA_1,1,0
dsbD_6,1,0
metF_2,1,0
priA_1,1,0
group_2231,1,0
kdgK_5,1,0
mrcB_2,1,0
group_225,1,0
kefG_1,1,0
dsbD_4,1,0
group_230,0,1
group_232,1,0
group_234,1,0
hit_1,0,1
hit_2,0,1
group_236,1,0
ycjG_2,1,0
group_2381,1,0
group_2382,1,0
dsbD_3,1,0
group_240,0,1
group_242,0,1
group_244,1,0
group_246,0,1
group_248,1,0
codB_2,0,1
group_252,0,1
group_254,1,0
group_256,1,0
pheT_2,1,0
grcA_1,1,0
grcA_3,1,0
group_26,1,0
thrS_2,1,0
norM_1,1,0
radD_1,1,0
comM_1,1,0
group_2667,1,0
group_2668,1,0
fusA_2,1,0
group_2675,1,0
group_2676,1,0
fusA_3,1,0
group_269,0,1
group_2690,0,1
group_2691,0,1
group_27,1,0
rsxC_1,1,0
rsxC_2,1,0
group_272,0,1
ribD_1,1,0
ribD_2,1,0
group_274,0,1
group_2741,1,0
group_2742,1,0
group_2759,1,0
manA_2,0,1
group_2760,1,0
group_278,1,0
group_2783,1,0
group_2784,1,0
group_280,1,0
group_2807,0,1
group_2808,0,1
ubiI_1,1,0
group_283,1,0
group_2847,0,1
group_2848,0,1
group_285,0,1
yscG_1,1,0
yscG_2,1,0
group_2868,1,0
group_2869,1,0
gapA_1,1,0
group_2871,0,1
group_2872,0,1
group_2876,1,0
group_2877,1,0
group_2880,1,0
group_2881,1,0
truA_1,1,0
group_29,1,0
group_292,1,0
dsdX_3,1,0
rpoB_1,1,0
apaH_1,0,1
group_2995,1,0
group_2996,1,0
group_3,1,0
group_30,1,0
accC_1,0,1
atpD_1,1,0
bdlA_2,1,0
fadB_2,1,0
yecD_1,1,0
group_3071,1,0
group_3072,1,0
csdA_1,1,0
csdA_3,1,0
group_31,1,0
rlmL_2,1,0
group_3106,1,0
group_3107,1,0
murC_1,0,1
serA_2,1,0
thrC_2,1,0
group_318,1,0
pyrD_2,1,0
ilvD_2,1,0
group_321,1,0
miaB_1,1,0
miaB_3,1,0
miaB_2,1,0
group_326,1,0
group_3263,1,0
group_3264,1,0
clpA_2,0,1
group_33,1,0
group_331,0,1
group_333,1,0
group_335,1,0
group_337,0,1
group_338,0,1
oah1_1,1,0
oah1_2,1,0
cpxR_2,1,0
group_340,0,1
group_343,0,1
yiaW_1,1,0
yiaW_2,1,0
group_344,1,0
nfdA_1,1,0
nfdA_3,1,0
ftsX,1,0
group_346,0,1
group_3462,1,0
group_3463,1,0
relA_1,1,0
relA_2,1,0
relA,0,1
group_351,1,0
group_3513,1,0
slyA_4,1,0
group_3515,1,0
group_3516,1,0
nrdA_1,1,0
nrdA_3,1,0
group_353,1,0
group_355,0,1
cqsS_1,1,0
group_358,1,0
group_3582,1,0
group_3583,1,0
sucB_1,1,0
group_3595,1,0
group_3596,1,0
group_36,1,0
sucB_2,1,0
group_361,1,0
group_362,1,0
group_363,1,0
group_364,1,0
hemL_1,1,0
kat,1,0
group_3662,1,0
group_3663,1,0
group_3669,1,0
group_3670,1,0
dgcT,1,0
dgcQ,1,0
rnr_3,1,0
group_370,1,0
group_371,1,0
group_372,1,0
group_373,1,0
group_376,1,0
group_377,1,0
hinT_1,1,0
hinT_2,1,0
group_378,1,0
brnQ_4,1,0
group_38,1,0
group_380,1,0
group_381,1,0
group_3813,1,0
group_3814,1,0
group_382,1,0
group_383,1,0
group_3832,1,0
group_3833,1,0
ilvG_1,1,0
ilvG_5,1,0
group_385,1,0
group_386,1,0
group_3883,1,0
group_3884,1,0
mnmA_1,1,0
fabB_2,1,0
group_392,1,0
group_393,1,0
group_394,1,0
group_395,1,0
pucG_1,1,0
pucG_2,1,0
trpR_1,1,0
group_40,1,0
group_400,1,0
trpR_2,1,0
group_401,1,0
dsdX_1,1,0
dsdX_2,1,0
ilvG_2,1,0
ilvG_3,1,0
group_408,1,0
group_409,1,0
group_4091,0,1
group_4092,0,1
group_4096,0,1
group_4097,0,1
group_41,1,0
group_410,1,0
leuB_3,1,0
leuB_4,1,0
group_411,1,0
artM_1,1,0
group_4128,1,0
group_4129,1,0
glnQ_1,1,0
group_414,1,0
group_4144,0,1
group_4145,0,1
pglF_1,1,0
group_418,1,0
iolG,1,0
group_420,1,0
group_421,1,0
group_423,1,0
group_4238,0,1
group_4239,0,1
group_424,1,0
group_4242,1,0
group_4243,1,0
group_4244,1,0
group_4245,1,0
pomA_1,1,0
pomA_2,1,0
glnG_1,1,0
glnG_2,1,0
group_428,1,0
group_429,1,0
group_43,1,0
group_4307,1,0
group_4308,1,0
group_4329,1,0
group_4330,1,0
group_4331,1,0
pelX_1,1,0
pelX_2,1,0
smpB_1,1,0
group_4343,1,0
eda_3,1,0
gbpA_1,1,0
gbpA_4,1,0
group_435,1,0
araB_1,1,0
group_4355,1,0
group_436,1,0
group_4361,1,0
yohD_1,1,0
yohD_3,1,0
leuO_1,1,0
leuO_3,1,0
group_4399,1,0
gtaB_2,0,1
group_4400,1,0
asnC_2,1,0
asnC_3,1,0
norG_1,1,0
group_441,1,0
norG_3,1,0
group_442,1,0
group_4427,1,0
group_4428,1,0
neuA_1,1,0
neuA_2,1,0
group_4447,1,0
group_4448,1,0
group_4449,1,0
group_4452,1,0
phoB_2,1,0
group_446,1,0
group_4464,1,0
group_447,1,0
group_4477,1,0
group_448,1,0
group_449,1,0
group_4491,1,0
group_45,0,1
group_4506,1,0
gcvA_4,1,0
gcvA_10,1,0
group_451,1,0
group_452,1,0
group_4521,1,0
group_4522,1,0
group_4527,1,0
group_4532,1,0
holD_1,1,0
group_4547,1,0
group_4550,0,1
group_4551,1,0
group_4553,1,0
ptsG_1,1,0
ptsG_3,1,0
guaA_1,1,0
guaA_2,1,0
kdgR_1,1,0
kdgR_3,1,0
group_46,1,0
group_460,1,0
glxK_1,1,0
glxK_2,1,0
kdgM_1,1,0
kdgM_2,1,0
kdgM_3,1,0
group_461,1,0
araH_1,1,0
araH_2,1,0
yecN_1,1,0
ratA_1,1,0
ratA_2,1,0
ratA_3,1,0
leuC_3,1,0
group_4648,0,1
group_4657,1,0
group_4659,1,0
satP_1,1,0
djlA_1,1,0
djlA_3,1,0
ulaF_1,1,0
ulaF_2,1,0
group_47,1,0
group_4708,1,0
group_4716,0,1
group_4720,1,0
intA_2,1,0
intA_5,1,0
acpP_3,1,0
group_4742,1,0
group_4743,1,0
group_4752,1,0
group_4753,1,0
group_4754,1,0
group_4755,1,0
group_4756,1,0
group_4757,1,0
ygjH_1,1,0
group_4779,1,0
group_4780,1,0
gtaB_3,1,0
yffB_1,1,0
cdaR_1,1,0
cdaR_2,1,0
lpp_2,1,0
group_4830,1,0
guaB_1,1,0
guaB_2,1,0
acp_2,1,0
acp_3,1,0
ilvM_1,1,0
ilvM_2,1,0
ilvM_4,1,0
group_4873,0,1
group_4879,1,0
group_4881,1,0
group_4883,1,0
group_4885,1,0
ompR_3,1,0
flaD_1,0,1
tatA_1,1,0
tatA_3,1,0
group_4910,1,0
group_4911,1,0
group_4912,1,0
group_4932,1,0
group_4933,1,0
ilvE_1,1,0
ilvE_3,1,0
group_4991,1,0
yhfA_2,1,0
group_4993,0,1
rpmG_1,1,0
group_5,1,0
flaD_6,0,1
adh2_1,1,0
rpmG_2,1,0
adh2_2,1,0
gcvR_1,1,0
amiE_1,1,0
frp_1,1,0
frp_3,1,0
group_5040,1,0
amsI_1,1,0
amsI_2,1,0
araG_1,1,0
araG_2,1,0
group_5077,1,0
group_5079,1,0
gph_2,1,0
gph_6,1,0
group_51,1,0
group_5104,1,0
group_5107,1,0
rpsJ_1,1,0
rpsJ_2,1,0
dsdC_1,1,0
dsdC_2,1,0
dsdC_4,1,0
yjbR_1,1,0
rpsH_1,1,0
rpsH_2,1,0
leuD1_2,1,0
leuD1_4,1,0
flaD_8,1,0
araF_1,1,0
araF_2,1,0
rplF_1,1,0
group_5218,1,0
group_5219,1,0
group_5235,1,0
ptsN_2,1,0
group_5298,1,0
group_53,1,0
ompA_6,1,0
group_5310,1,0
group_5312,1,0
group_5328,1,0
group_5329,1,0
group_5339,1,0
ydhR_1,1,0
ydhR_2,1,0
group_5356,0,1
group_5357,0,1
kduD_1,1,0
kduD_3,1,0
group_5382,1,0
group_5383,1,0
group_5384,1,0
group_5392,0,1
group_5394,1,0
polA_1,1,0
wzc_1,1,0
wzc_2,1,0
gcvA_1,1,0
group_5411,1,0
gcvA_8,1,0
wzzE,1,0
group_544,1,0
group_5442,1,0
group_5443,1,0
group_5459,1,0
group_5460,1,0
ygjV_1,1,0
ygjV_4,1,0
nreC_1,1,0
polA_2,1,0
group_5506,1,0
group_5507,1,0
group_5508,1,0
group_5510,1,0
dsbA_3,1,0
dadA1_2,1,0
dadA1_3,1,0
group_5523,1,0
group_5524,1,0
group_5532,1,0
group_5533,1,0
group_5534,1,0
group_5542,0,1
group_5546,1,0
leuA_1,1,0
leuA_2,1,0
group_5569,1,0
group_5570,1,0
group_5571,1,0
group_5577,1,0
group_5578,1,0
group_5579,1,0
pal_8,1,0
group_5582,1,0
polA_3,1,0
group_574,1,0
group_575,1,0
tnpR_1,0,1
tnpR_2,0,1
gor_1,1,0
group_581,1,0
group_582,1,0
group_5882,0,1
group_5883,0,1
group_5890,1,0
group_5891,1,0
group_594,1,0
group_595,1,0
group_6,1,0
gor_3,1,0
aroF_1,1,0
group_615,1,0
group_616,1,0
aroF_4,1,0
aroF_2,1,0
sohB_1,1,0
sohB_2,1,0
aroF_3,1,0
group_66,0,1
pepN_1,1,0
group_676,1,0
group_677,1,0
hemA_3,1,0
rpoS_1,1,0
hemA_2,1,0
edd_1,1,0
group_718,1,0
group_719,1,0
group_72,0,1
group_720,1,0
group_721,1,0
group_736,1,0
group_737,1,0
putA_1,1,0
putA_3,1,0
group_78,0,1
group_79,1,0
group_8,1,0
cobB_1,1,0
group_82,1,0
rnhA_1,0,1
rnhA_3,0,1
group_822,0,1
group_823,0,1
group_824,0,1
group_825,0,1
group_826,0,1
group_827,0,1
group_828,1,0
group_829,1,0
fabF_2,1,0
secD_1,1,0
mmsB_1,1,0
dhaL_1,1,0
rbsR_1,1,0
group_834,1,0
group_835,1,0
group_836,1,0
group_837,1,0
barA_1,1,0
group_839,1,0
yhgF_1,1,0
group_841,1,0
group_842,1,0
group_843,1,0
group_844,1,0
group_845,1,0
mukB_1,1,0
umpA_1,1,0
tdh1_1,1,0
galT_1,1,0
group_85,1,0
syd_1,1,0
group_851,1,0
mutS_1,1,0
group_853,1,0
group_854,1,0
group_855,1,0
group_856,1,0
group_857,1,0
gspK_1,1,0
group_859,1,0
group_86,1,0
gmhB_1,1,0
hutZ_1,1,0
group_862,1,0
chbP_1,1,0
group_864,1,0
group_865,1,0
group_866,1,0
group_867,1,0
rplM_1,1,0
group_869,1,0
gspK_3,1,0
smrA,1,0
pnp_1,1,0
group_872,1,0
rlmB_1,1,0
mmsA_1,1,0
group_875,1,0
group_876,1,0
group_877,1,0
tyrA_1,1,0
group_879,1,0
ppsA_1,1,0
group_881,1,0
group_882,1,0
group_883,1,0
phoB_1,1,0
group_885,1,0
oadA_1,1,0
prfB_1,1,0
nagK_1,1,0
group_889,1,0
ydhC_1,1,0
group_890,1,0
rhlE_1,1,0
group_892,1,0
cusS_1,1,0
group_894,1,0
group_895,1,0
group_896,1,0
bsn,1,0
group_898,1,0
group_899,1,0
group_900,1,0
group_901,1,0
group_902,1,0
rstA_1,1,0
group_904,1,0
group_905,1,0
gpsA_1,1,0
group_907,1,0
group_908,1,0
group_909,1,0
ydhC_3,1,0
group_910,1,0
group_911,1,0
aspC_1,1,0
liaS,1,0
group_914,1,0
mlc_1,1,0
group_916,1,0
group_917,1,0
group_918,1,0
group_919,1,0
hemL_2,1,0
group_921,1,0
glgB_1,1,0
group_923,1,0
group_924,1,0
pflA_1,1,0
dosP,1,0
group_927,1,0
phnX_1,1,0
rlmI_1,1,0
group_93,1,0
group_930,1,0
group_931,1,0
group_932,1,0
group_933,1,0
leuD1_1,1,0
sdhD_1,1,0
group_936,1,0
group_937,1,0
group_938,1,0
group_939,1,0
group_94,1,0
group_940,1,0
rhlE_2,1,0
zntA_1,1,0
dusC_1,1,0
fhs1,1,0
kdsD_1,1,0
ald_1,1,0
group_947,1,0
group_948,1,0
pstC_1,1,0
group_950,1,0
malG_1,1,0
astD_1,1,0
group_953,1,0
group_954,1,0
group_955,1,0
pdeB,1,0
group_957,1,0
group_958,1,0
pdxH_1,1,0
group_96,1,0
hepA,1,0
group_961,1,0
group_962,1,0
potB_1,1,0
group_964,1,0
group_965,1,0
group_966,1,0
potD_1,1,0
ispF_1,1,0
group_969,1,0
group_97,1,0
motB_1,1,0
group_971,1,0
fabF_1,1,0
group_973,1,0
group_974,1,0
group_975,1,0
dnaE2_1,1,0
group_977,1,0
group_978,1,0
group_979,1,0
group_980,1,0
rnj,1,0
group_982,1,0
group_983,1,0
hisF_1,1,0
group_985,1,0
group_986,1,0
group_987,1,0
group_988,1,0
group_989,1,0
msrC,1,0
group_990,1,0
group_991,1,0
pyrG_1,1,0
murG_1,1,0
group_994,1,0
group_995,1,0
group_996,1,0
group_997,1,0
ulaC_1,1,0
group_999,1,0
